variant,uuid,sex,age,age_group,visit,time_slot,day_of_week
visit,cf84816ec5be445791fce6ceec714021,남자,48,40대,False,,
visit,5bd1044aa75f4cfe95d58dd9d760caf9,여자,22,20대,False,,
visit,7ae97bfbc1eb4609b5b9f0d99975e5b6,여자,51,50대,False,,
visit,05a816b92bdc45e3907dcd1301efe7c7,남자,72,60대+,False,,
visit,90e2ccf234854c2f9e4f6867aec6c926,여자,43,40대,False,,
visit,01a92b27599c483a9672d1574843b3e5,남자,34,30대,False,,
visit,07500c855484452ebdc78ed1ef5c0432,남자,41,40대,False,,
visit,79862e417a3047c1b695b7cbe5653b90,여자,34,30대,False,,
visit,315bc64a01614275be06f4678311e169,남자,40,40대,False,,
visit,4a81c69dbeed4ddba4d883053f6030a2,여자,78,60대+,False,,
visit,7f8d4c4073f64c64afe58afc75b33a30,여자,31,30대,False,,
visit,bcdc99a845ec4410b9c52a610c49dd13,남자,40,40대,False,,
visit,c495a6025d774434b239389a090f191e,여자,62,60대+,False,,
visit,eaf38b41946f4473b0106b20a852109a,남자,57,50대,False,,
visit,c14efc585c46499b85dc81d2e3c544bb,남자,32,30대,False,,
visit,fe5cfbfcfe7f4044ae3cb6b0925cdad0,남자,24,20대,False,,
visit,4c2004e1c424446593add52d85bb4772,여자,76,60대+,False,,
visit,0f586a71782044ffae8faf34766d49bb,남자,59,50대,False,,
visit,5db99407e4914086bdc586ce3af034ad,여자,66,60대+,False,,
visit,f8f7c8e04c3743cabee09969b2ea15b4,여자,66,60대+,False,,
visit,8b4b31a6876f4a63b9bfd597d136c541,여자,46,40대,False,,
visit,aee2ab8d43804509b690c79d5eb4edb3,여자,42,40대,False,,
visit,c8eebbd44b8446a2aa8f317e92673d0b,여자,24,20대,False,,
visit,3f93ea9aed41470a8d9a04a027f2712b,남자,35,30대,False,,
visit,a4044a66e84f4b83a86647b521018e99,남자,34,30대,False,,
visit,eb808759670d475db7e4e9ef3a336394,남자,42,40대,True,21-24,금
visit,409a149838a342a4923cc5e2f8895a00,남자,29,20대,True,11-14,토
visit,a6090e0fba6d441a8591c702dd0170a4,여자,30,30대,False,,
visit,21c59424e6534bfbba67eb00fb0f18de,남자,26,20대,False,,
visit,54bc6801cd324d2d9aad12d57b534e93,남자,36,30대,True,11-14,토
visit,3b3ad8974df847558c1db446243b7588,남자,66,60대+,False,,
visit,e472e8e0067d4374a8c9a54f202d4bc6,남자,33,30대,False,,
visit,5364e9a824ff437aa47609f97e59ccc3,여자,68,60대+,False,,
visit,92abfdff015844808fe11e8ed5b1ecb0,여자,61,60대+,False,,
visit,c0c7a36b83464908892ffde369b059f5,남자,69,60대+,False,,
visit,1f2bff746a544e40a0791f7f96800384,남자,50,50대,False,,
visit,d33a9dce79154183a6c698c4c5434683,남자,76,60대+,True,11-14,토
visit,f217fa750bd94a2d9510fbe4122493ec,남자,21,20대,True,17-21,금
visit,0782993bb7c04b24b0bca85448d9b294,여자,39,30대,True,11-14,토
visit,de7685e9cb95441ab3a4f4a56e6a261c,남자,59,50대,False,,
visit,9a712655d315471289ace698501a6285,여자,62,60대+,True,11-14,토
visit,fa04984f14aa4b3596fa8e7ee61db7de,여자,66,60대+,False,,
visit,494dfb6c3ba84892bd31026637f1fcf3,여자,43,40대,True,11-14,토
visit,b44a9b351721497b8d9b1af0dbe976b6,남자,56,50대,True,11-14,토
visit,4fbe15bac4dc419a93f87d8d20328e5c,남자,84,60대+,False,,
visit,d7ec64747ef1477cb2e85e2d609a5a6a,남자,41,40대,False,,
visit,eeaedeaf280c4883867608b2779f7d48,남자,46,40대,True,11-14,토
visit,cc0150ff6a2a43318ca14f285a8894f9,여자,55,50대,True,11-14,토
visit,5504d9df440f458fac3aa876c614c269,남자,63,60대+,False,,
visit,7b6b1d99489e46cbbc04c495773b791e,남자,59,50대,False,,
visit,9bbc884b683f477f930e6e3f0c64cce2,여자,22,20대,False,,
visit,5a7a39bfd8444c8cb563c70c13c54cf9,여자,55,50대,False,,
visit,6d82b2ac2fc0426ca12b1e35e74a4eed,여자,33,30대,False,,
visit,cc370f79f9d844578570eca897e51feb,여자,50,50대,False,,
visit,c89a8e39b13d409b9391bf47f3861f44,남자,60,60대+,False,,
visit,21f8244722a144ed9dd2da3eb437e3e5,여자,57,50대,False,,
visit,30e6257ad9b54658b63ba2b8ede7cf34,남자,50,50대,False,,
visit,ae8890f584e24e44b3dbadb83ba54b2f,남자,75,60대+,False,,
visit,15f68575ed614748ae33213d9fe409ea,여자,66,60대+,False,,
visit,d1344d8c3c5948f6b5fb58c5a8ab63a9,여자,45,40대,True,17-21,토
visit,93c9e5d3f0e74af08f1ffe7a0fcbf1d6,여자,60,60대+,False,,
visit,e43c90d8825545bfb1052a06051310c3,여자,82,60대+,False,,
visit,378a2fce734c4e7d8ec9b9e2e19b7041,여자,71,60대+,False,,
visit,8d4505292f96468a82c7cfc5e9235a51,남자,29,20대,False,,
visit,249f8893f19445539a3daf20644154a7,남자,27,20대,True,21-24,금
visit,863a40f6501b4650b1a4ff4aa306d9ad,여자,37,30대,True,14-17,토
visit,5ba45b849d324976b133cc150a66261b,남자,53,50대,False,,
visit,ea63062ddf23417284ba8fc756e52ab6,여자,27,20대,True,11-14,토
visit,9e39a7d88eaf4bfeb5992f73c0e1ddb1,여자,28,20대,True,11-14,토
visit,7aeeab80255e4721baa4f04492f487bb,여자,74,60대+,False,,
visit,787b6dff16d5404bb520cab7c717adb3,남자,26,20대,True,14-17,토
visit,b7b1bc536b7d4f2e91a6b2e14b30a3cd,여자,51,50대,False,,
visit,2c2738dbae0641019b5de2f21f721e24,여자,49,40대,True,14-17,토
visit,79b885d3349a4a688c1fe5e626825f95,남자,44,40대,False,,
visit,6664fd97b7f04a458ece463af078aa16,남자,55,50대,True,14-17,토
visit,ba2cd5537b3849c3a3ff2d46a0ee4f64,남자,77,60대+,False,,
visit,be47130c1d814f94b905ec0b5863efe7,여자,52,50대,False,,
visit,8aaabc11a6064662b928bf0866d3016e,여자,72,60대+,False,,
visit,e555bd2eb5c045fbbc9be825b277dfc3,남자,76,60대+,False,,
visit,6fb9b50a10a14260886b2ba8fb64c7c8,남자,24,20대,False,,
visit,2200eeea303c4977ac53716e44219ee4,남자,80,60대+,False,,
visit,d7daaaa1aaf64b8688a014c16fea33bf,남자,39,30대,True,17-21,토
visit,12aa168446fd452aba5c45d01411f287,여자,89,60대+,False,,
visit,7ebb530f6f8947458b4552d8c42face1,남자,42,40대,False,,
visit,b1826ff65e8a4b8d80283e46bd7c46a7,남자,57,50대,False,,
visit,ad4e0ca0a8a24262a5073a5bf1bd69a0,남자,34,30대,False,,
visit,b770fbfb84834fea9d2639620f44a0df,남자,67,60대+,False,,
visit,36d10d1e43464624b59bd06b41320dfd,남자,66,60대+,False,,
visit,723eb646f2b94366b48b3536d98630cf,여자,20,20대,False,,
visit,f4539987b3b14571a0c2216b7191c4d7,여자,33,30대,True,11-14,토
visit,6602130799f040b5bc835cd9ec47fffc,남자,63,60대+,False,,
visit,574d1dfe55c74432a69cda0bea69b38c,여자,71,60대+,False,,
visit,90a0067584b84259bc74bcc3f6531708,남자,53,50대,False,,
visit,286f39c8785a4c95a2d3cf3dc0ec2a5c,여자,75,60대+,False,,
visit,1b6bc2e9e1324782a1df47b6d137594c,여자,61,60대+,False,,
visit,21bd050f00bb4657b976aeec108d6aba,여자,30,30대,False,,
visit,efcf7e3093bf42cbaf84f3b115475cfd,남자,30,30대,False,,
visit,1befe7e7540a4a09bafacfa75d9b6d37,여자,36,30대,True,14-17,토
visit,f503e0263db84e2781b2cfe8a29ae8a4,남자,56,50대,False,,
visit,cb72052301f0443b917ee4d24acb3b5b,여자,47,40대,False,,
visit,ef993080649a4fb9adbb65b41b6e8a02,여자,58,50대,False,,
visit,0e1bb5270b18418680883041401fb689,남자,28,20대,False,,
visit,7b6886a34d94433d88e073f549dcd7c4,남자,53,50대,False,,
visit,bbfa3c3107d04bba866c5089cc643369,여자,66,60대+,False,,
visit,2c6db209a45741679e0d3f64aa2cb09a,여자,80,60대+,False,,
visit,60a8d8b184da4e6e84e0841d29749440,여자,53,50대,False,,
visit,360938565d0c49fb8343509fb04c6663,여자,85,60대+,False,,
visit,f8cab7794feb44ce8ce0645ad96da1c2,남자,47,40대,False,,
visit,3a4bd4a5454d46feb030b470dcc73ba9,여자,71,60대+,False,,
visit,169d4da0c8bc4846acc86098b3b94e4c,여자,21,20대,True,14-17,토
visit,fb942a9472f7424ea31853b688d2a538,남자,46,40대,False,,
visit,efc491eb95974559a2c1b76f1e3621ee,남자,40,40대,False,,
visit,8b132bd5dcb24dd2923633f4cc85c904,남자,50,50대,False,,
visit,8fc3f42747164993b2711f098df4098f,남자,22,20대,True,11-14,토
visit,94419a601ef64fb490fd687b1ca05b0f,남자,21,20대,False,,
visit,70a78d38a1a64f76850a6fc67ca1dbaa,남자,28,20대,False,,
visit,60a22ba641b942c281b777a26734741c,여자,49,40대,False,,
visit,9106df488787442d9d8612285e86451c,남자,40,40대,False,,
visit,5856cf04a6bf4472bc6cb396bebd8169,여자,31,30대,False,,
visit,d39d54740be84664ae96293fefefb91d,여자,26,20대,False,,
visit,b3644526e7ff4d028a5cb1a835f535ec,남자,63,60대+,False,,
visit,3f5ddbdd2c2c4841b298efd4741c09b9,남자,47,40대,False,,
visit,75cc6680340742179e111a730678a7cf,남자,51,50대,False,,
visit,2eab454bb1444e4081429d14f54d3adf,여자,23,20대,False,,
visit,70d1a5d3045340a983da8eb88f6c89bf,여자,51,50대,False,,
visit,2eac1f4261a44a7fbe87f35361e9c5d8,남자,79,60대+,False,,
visit,ed12e5a48c5b451fb7ec16c303b46614,여자,76,60대+,False,,
visit,1b88a89c87f24bbf9144b8f9fad3edaf,남자,62,60대+,False,,
visit,cc7579728cba44eb92572ed915351ecd,남자,37,30대,False,,
visit,7e354bdf7b8d4c35a141d9ccada9a12a,남자,73,60대+,False,,
visit,fbce57c114314e6abe84a062ac8938ae,남자,40,40대,False,,
visit,bee4b9f4d9634d5ebe686c0be8cb9f69,여자,31,30대,True,17-21,토
visit,cad2cf5c25b34cd4b5b0c718dc22ecd5,여자,36,30대,False,,
visit,113d11ded9c243f4848e24b26fdce473,여자,77,60대+,False,,
visit,bf829dad7f8a4259bec0d56ae328575c,여자,68,60대+,False,,
visit,622bbaf65bd0408cbea844edc2c75363,남자,31,30대,False,,
visit,21b1da6fd70e4c0492968b498b2b88ef,여자,87,60대+,False,,
visit,4ae87ada43234123a0c8429f91574d9f,남자,41,40대,False,,
visit,89d696c889cf4c6393eadb7d336038b6,여자,63,60대+,False,,
visit,b88c60c8168843db8cf9f14fd2062cfe,남자,52,50대,False,,
visit,30e47ee31e7041c5a351873e9bb46979,남자,80,60대+,True,11-14,토
visit,d708f9af2c5b46ddba5b6bde96e8208d,남자,46,40대,False,,
visit,bcfd7ebca9574af2bd22b14e38e7630f,여자,42,40대,False,,
visit,ad8ca00ed2d3448cb88b7fc15ebae074,남자,29,20대,True,11-14,토
visit,ef55e450df194f1b8408135c5cacc2c0,남자,26,20대,True,11-14,토
visit,3e8317a58dcf4a84a45634dbcf6dd965,여자,50,50대,False,,
visit,03a5e516c106460cab14ee37f6465f1a,여자,30,30대,False,,
visit,5e80ea99dff447b69550dd58c2226b56,남자,56,50대,False,,
visit,fa458c2648bd4b94a32cbe5b7ecff160,여자,57,50대,False,,
visit,4fe02056b361482391722a722b71acba,남자,81,60대+,False,,
visit,cbe41d86cbe44524b3ce2a84282572f9,여자,56,50대,False,,
visit,351cba4048cf406296aab5a422ad2895,여자,30,30대,False,,
visit,223156639e0d476c9008b8de1874459f,여자,74,60대+,False,,
visit,738ee1e8eea1497da40efaffd0b495c0,남자,65,60대+,False,,
visit,8b5912a3fd6c43d3893a6057638deff7,여자,65,60대+,False,,
visit,b00b576603ab45c7b9e76266f0b8aaa3,남자,36,30대,False,,
visit,a87448a73ff14e78a968ac331b0e2d72,여자,65,60대+,False,,
visit,80cc2cffb81146c9937cc83ffd5a0628,남자,40,40대,False,,
visit,a4f44e55f3bc4c47ab2552f5b5fbcf2f,남자,54,50대,False,,
visit,f0ad17190d324a1484517e84581d8d7e,여자,64,60대+,False,,
visit,7ee0faa953b94fac9cadd6cf4b90c2c1,남자,61,60대+,False,,
visit,49722a98a28b4f02aed3c25711bdd12e,남자,78,60대+,False,,
visit,693d9b5ba73e49eebfcb017e003f42d7,남자,30,30대,False,,
visit,7e230e2e27c342eaa8f7da1159337e3c,여자,48,40대,False,,
visit,57d09b52a8e54aeda3497aee2c2a3bcf,남자,70,60대+,False,,
visit,a1e509ca7afb44858925f8680ea8d250,여자,52,50대,False,,
visit,59952736388b459c9b51f9f66efa3820,남자,31,30대,False,,
visit,905b1922c69e411e91b738e4c88ae3c4,여자,57,50대,False,,
visit,84934918eb61453a82366500914f2e82,여자,19,10대,False,,
visit,4f6f82fc2d834ed4a79cf28c42dc1763,여자,58,50대,False,,
visit,025dbabbda0544768b70436fcdc8dabf,남자,46,40대,False,,
visit,60284eaf0d4c46f194dd184c9c7f5c29,남자,57,50대,False,,
visit,682d2f48ecd943a19e9539174535ff32,남자,49,40대,False,,
visit,944a80d11305456d86ae350ac2a026d5,남자,38,30대,False,,
visit,2daefd03390a41088dcb6d93695979d9,여자,60,60대+,False,,
visit,6233057787e34379a851654fb0164740,여자,56,50대,False,,
visit,8f0a513230a9412aab602feac903fd24,남자,72,60대+,False,,
visit,4240f68ff7444e99937d864560a4193e,남자,62,60대+,False,,
visit,0c147f461fb3425084d96324cde2d070,남자,43,40대,False,,
visit,e345dcdd7e0248db8c85bb159aae1617,여자,40,40대,False,,
visit,e92818f39daf427fbe59c4dc4c32bebd,여자,47,40대,False,,
visit,d37e981284074242ae54eebb53baa051,남자,40,40대,False,,
visit,e9bb21f6ad4e4bde943a48d8975e5f29,여자,84,60대+,False,,
visit,6f47968a950b4bd3ad58eb6793315253,여자,26,20대,False,,
visit,f0dc3ce67bfc4ae8af9931d266093239,남자,69,60대+,False,,
visit,7efc1ab8056a462bbc687208458ecb94,남자,31,30대,False,,
visit,80e39b45442d4c5eb7a8192746ed6485,여자,47,40대,False,,
visit,24db70a3d6144f2db3731d692ab22d6a,남자,28,20대,False,,
visit,d909d7b3d2a54559826040eda656aea2,남자,60,60대+,False,,
visit,39c283ca34884a658df961438f668e3d,남자,43,40대,False,,
visit,b416a5dce8f64a4bbd753b04570e2082,여자,48,40대,False,,
visit,dee16ab3b9844953a173f7bd9bd24900,여자,40,40대,False,,
visit,5ab374374dfb42bb83f32dc84b4ea468,남자,49,40대,False,,
visit,52aa79f33e9a44519d2082ae427d280f,여자,21,20대,False,,
visit,8838f4e802bf4543bb56525644b8c380,남자,51,50대,False,,
visit,2441bf2683034a7eadece4089c4497ae,여자,81,60대+,False,,
visit,ee43f80890b24f28bce490ab9edf8ad3,남자,30,30대,False,,
visit,8f81745baaa94887a28aee26b89fc39c,여자,42,40대,False,,
visit,38f70a484448494fa5d2731bd0a9dc0f,남자,66,60대+,False,,
visit,736dc2ad984d46a894c840f32d84d27c,여자,79,60대+,False,,
visit,25f2d65af0bb434686f5e498bd2f3e2b,여자,54,50대,True,21-24,금
visit,65a583c005a34f619122eeaee99b41ec,여자,49,40대,False,,
visit,4b124b1c993546e0b42531b1dc8b6dc6,남자,54,50대,True,11-14,토
visit,95e74635617c4cec81ed98fbb559f6b1,여자,69,60대+,False,,
visit,18cd6952fafe43d1a3c2d5206ac155bf,여자,26,20대,True,17-21,금
visit,5f114f26fbb84813b11444bc4a525672,여자,49,40대,False,,
visit,1a1b6bcccd0a4520bc0c3e237643ec6c,여자,31,30대,True,11-14,토
visit,817b577fc6574e88b9f72c219fabb4bb,여자,32,30대,True,11-14,토
visit,8018edd3080f4b18a5a6912a239acb8d,남자,42,40대,False,,
visit,d5891f29c6ac45e1884136f7ebaa179f,여자,48,40대,True,14-17,토
visit,bd048c25c33044c7b25063f5d778ff7e,여자,45,40대,False,,
visit,4ed6f768b5324ada9a4eb34ce2245040,남자,28,20대,True,11-14,토
visit,a3118ff663544c28803bce7950351ede,남자,43,40대,True,21-24,금
visit,b2963e70a6814db6bbc9a79d1c82cded,여자,38,30대,False,,
visit,31b08f0679994f489b4cc313ec8adf9b,남자,66,60대+,False,,
visit,f7bf65266efd4a079cca6d49b834f8ac,여자,39,30대,True,17-21,금
visit,4448711ba9a44fa0a288b34ad6798c06,여자,78,60대+,False,,
visit,5e1de2bb0eb44569ab60429b341ea061,여자,84,60대+,False,,
visit,47ce994ce8f8437694033622b0adc66f,남자,48,40대,False,,
visit,94d58a762af743fb916e7d233bbf2027,여자,62,60대+,False,,
visit,a5df7d6a5bff47cf8fca8ea04b009724,여자,26,20대,True,17-21,토
visit,346b0b91c5434d9ba0f95c9eac8a2212,남자,32,30대,False,,
visit,e7620dbc75ed4642a01409204d50f29e,여자,36,30대,True,14-17,토
visit,c345f2918f074d2b9583cdd116a3993e,여자,30,30대,False,,
visit,00b02aeb941346958e14ffb544b8703b,여자,44,40대,True,14-17,토
visit,0c0fcbc2661c4d87984052e3a38dd244,남자,46,40대,False,,
visit,7bec5bbf398842cf90a6df0e4e60c41b,남자,70,60대+,False,,
visit,60919884c5b8489baad10da1d16bba9e,남자,27,20대,False,,
visit,6dfd052b3f8d42738ff271b1def57ecd,남자,70,60대+,False,,
visit,ecac2c6fbd6f4a61afc086decd73bb49,남자,65,60대+,False,,
visit,6a0fcdd1c8be4030820998c3663a27d7,여자,49,40대,False,,
visit,07e5d4d40c7a46e5b40b0b1a2e124ba4,남자,54,50대,False,,
visit,49e69085c46843508568aa9c600c24cd,여자,32,30대,False,,
visit,38e2f5679e084fa0b2a335562e535996,남자,37,30대,False,,
visit,8203175add444e9cadfb4e168e8a46c2,남자,25,20대,True,11-14,토
visit,3ee1d81574104f8fa35a584a5f5291d7,남자,54,50대,False,,
visit,9601a662dbff403db0056adc48a283cd,여자,77,60대+,False,,
visit,969c966ea4da4879b6c26ed690b1c26c,남자,53,50대,False,,
visit,79772ebb825042db891f66e776216595,여자,30,30대,False,,
visit,d62bb237130b4f87a1d40d3457343932,여자,29,20대,False,,
visit,b67fc927087a4d8abdca455799e414ba,여자,30,30대,False,,
visit,9954ab2a6cb5435abe3b0c4fc61328d0,여자,55,50대,False,,
visit,4fae29b0e2f24d64b2f5a40bff00d977,남자,32,30대,False,,
visit,bded35e32ebb4feaa1c4901224fd1cda,여자,54,50대,False,,
visit,139464100cc6424cb227b29d5460895c,여자,45,40대,False,,
visit,76520e4d5eee435d9e76834044d7e700,남자,37,30대,False,,
visit,24fcc0b343b34468b3a11b158cb3ca5f,남자,22,20대,False,,
visit,adc16ff6bf914ed6a936d8aab08b5478,여자,44,40대,False,,
visit,8bae62780f584e6cbc0356a09cabd5b5,남자,63,60대+,False,,
visit,aff9838c9dfb474a9c6c0401e8e27568,여자,82,60대+,False,,
visit,45735759fac94274864e0f4d4d5e64ae,여자,40,40대,False,,
visit,e8b37175534549f5a45bc8bab4289ae5,여자,34,30대,False,,
visit,895937bd59fd4baba8e4bbd655a09033,여자,37,30대,False,,
visit,9c0315d03d634b1581d07a6b285457ff,남자,41,40대,False,,
visit,e801fb6dff8c4df59fe757974c5afbfe,여자,29,20대,False,,
visit,0d6a5121a88f4248b0d4c47ef1db478a,여자,32,30대,False,,
visit,753f4c1ea46b492c9be74ffd8b5613e4,여자,52,50대,False,,
visit,6f94353af64b474bb3d23972556e7ffd,남자,50,50대,False,,
visit,0704ed5ed35c488da6d95c287cf67d84,여자,56,50대,False,,
visit,7e77240e6cd44f63beef994f4f0dd61f,남자,53,50대,False,,
visit,6d49ebd54c91458eabf6b0d9298a404b,여자,44,40대,False,,
visit,a33d6db4a0e44ed18745b3524e680648,남자,44,40대,False,,
visit,2ea36f8cfa684364baaa7b1160695358,여자,68,60대+,False,,
visit,af9d27d5d3274bf78e7c871c830c36f1,여자,36,30대,False,,
visit,de7812a56ad245afb2dea6ac30fde2e6,여자,64,60대+,False,,
visit,c7d1cc63c7c3412795e3756ee081b7e2,여자,88,60대+,False,,
visit,5cc1bf7859614965b8d035bfefa8996c,여자,62,60대+,False,,
visit,c6816a2421b14f3b8600047a4f62c226,여자,51,50대,True,17-21,금
visit,8a85660b2691414ca5e5ea561e709bec,남자,55,50대,False,,
visit,a171b8b7186d467e8377aa1e86ff9f6e,여자,36,30대,False,,
visit,733af93109314cf08cfbd2b5a844580a,남자,48,40대,False,,
visit,6e12260d03424e36b1cc5674c1fa7f98,남자,28,20대,True,21-24,토
visit,b32f62002ad24cc59522ec20b3e47b4f,남자,36,30대,False,,
visit,ee5d01c2409a4766b8fe8def2f7bb436,여자,76,60대+,False,,
visit,fed6feec3abd49f7ac6ec21591842a1a,여자,71,60대+,False,,
visit,bdcb3d2543a84840a4c1062cb9ba7057,남자,22,20대,False,,
visit,ac26303c9d0d4811ae913094fcf592df,남자,34,30대,False,,
visit,6aaba6200a7542bea8e5c263dee34493,남자,72,60대+,False,,
visit,7812aac2e4444d48aaa6d28ac610c15f,남자,43,40대,False,,
visit,e429b2f85011488e8b73dc20d584665a,남자,62,60대+,False,,
visit,aca36863fe234f6d849b5321aedb546e,여자,52,50대,True,17-21,토
visit,d847ef7390c543c9966c0accbbf06606,여자,32,30대,False,,
visit,ca515997152a41528685fddf4f83097d,남자,28,20대,True,14-17,토
visit,a875d769b535475fa1c2cbcf0aada5e1,여자,63,60대+,False,,
visit,092f4b4c4c4b47789d29054eb3ee5b2c,여자,52,50대,False,,
visit,be7c5b30d72346ae8cdbd1992d456180,남자,68,60대+,False,,
visit,2d005f8da570419e95e823b0ad624723,여자,28,20대,True,11-14,토
visit,0434fc952f4d458d8b064f784d430af4,여자,35,30대,False,,
visit,9b790f9495114bc9a102dd5a5f86f2e4,여자,43,40대,False,,
visit,d720949ee3c4437d8c7f2b0074a130ff,남자,30,30대,False,,
visit,233b96d682714eb2899848df139a7a09,여자,41,40대,False,,
visit,5842cc932cf84d72838bec7c1c49a269,여자,33,30대,False,,
visit,f9ea2736628441628e6faa8262caf4dd,여자,59,50대,False,,
visit,8d90a7dfea5d4bd09d2980d72b3bb3f4,남자,60,60대+,False,,
visit,9c7f97b57dc949dcbd958ddcb254c85a,남자,60,60대+,False,,
visit,585b539e65894fe09da0a403c7c0bc2c,여자,45,40대,True,14-17,토
visit,8ee6a81fa66d4d17b5c9f5626b695ba6,남자,27,20대,False,,
visit,59beebeca0884700948d876923c158bc,남자,28,20대,True,14-17,토
visit,795cd49dc70849358b6cd0a148448fce,여자,52,50대,False,,
visit,ffb998a848804dacb051750e09376b77,여자,48,40대,False,,
drop_by,cf84816ec5be445791fce6ceec714021,남자,48,40대,False,,
drop_by,5bd1044aa75f4cfe95d58dd9d760caf9,여자,22,20대,False,,
drop_by,7ae97bfbc1eb4609b5b9f0d99975e5b6,여자,51,50대,False,,
drop_by,05a816b92bdc45e3907dcd1301efe7c7,남자,72,60대+,False,,
drop_by,90e2ccf234854c2f9e4f6867aec6c926,여자,43,40대,False,,
drop_by,01a92b27599c483a9672d1574843b3e5,남자,34,30대,False,,
drop_by,07500c855484452ebdc78ed1ef5c0432,남자,41,40대,False,,
drop_by,79862e417a3047c1b695b7cbe5653b90,여자,34,30대,False,,
drop_by,315bc64a01614275be06f4678311e169,남자,40,40대,False,,
drop_by,4a81c69dbeed4ddba4d883053f6030a2,여자,78,60대+,False,,
drop_by,7f8d4c4073f64c64afe58afc75b33a30,여자,31,30대,False,,
drop_by,bcdc99a845ec4410b9c52a610c49dd13,남자,40,40대,False,,
drop_by,c495a6025d774434b239389a090f191e,여자,62,60대+,False,,
drop_by,eaf38b41946f4473b0106b20a852109a,남자,57,50대,False,,
drop_by,c14efc585c46499b85dc81d2e3c544bb,남자,32,30대,False,,
drop_by,fe5cfbfcfe7f4044ae3cb6b0925cdad0,남자,24,20대,False,,
drop_by,4c2004e1c424446593add52d85bb4772,여자,76,60대+,False,,
drop_by,0f586a71782044ffae8faf34766d49bb,남자,59,50대,False,,
drop_by,5db99407e4914086bdc586ce3af034ad,여자,66,60대+,False,,
drop_by,f8f7c8e04c3743cabee09969b2ea15b4,여자,66,60대+,False,,
drop_by,8b4b31a6876f4a63b9bfd597d136c541,여자,46,40대,False,,
drop_by,aee2ab8d43804509b690c79d5eb4edb3,여자,42,40대,False,,
drop_by,c8eebbd44b8446a2aa8f317e92673d0b,여자,24,20대,False,,
drop_by,3f93ea9aed41470a8d9a04a027f2712b,남자,35,30대,False,,
drop_by,a4044a66e84f4b83a86647b521018e99,남자,34,30대,False,,
drop_by,eb808759670d475db7e4e9ef3a336394,남자,42,40대,True,17-21,금
drop_by,409a149838a342a4923cc5e2f8895a00,남자,29,20대,True,11-14,토
drop_by,a6090e0fba6d441a8591c702dd0170a4,여자,30,30대,False,,
drop_by,21c59424e6534bfbba67eb00fb0f18de,남자,26,20대,False,,
drop_by,54bc6801cd324d2d9aad12d57b534e93,남자,36,30대,True,11-14,토
drop_by,3b3ad8974df847558c1db446243b7588,남자,66,60대+,False,,
drop_by,e472e8e0067d4374a8c9a54f202d4bc6,남자,33,30대,False,,
drop_by,5364e9a824ff437aa47609f97e59ccc3,여자,68,60대+,False,,
drop_by,92abfdff015844808fe11e8ed5b1ecb0,여자,61,60대+,False,,
drop_by,c0c7a36b83464908892ffde369b059f5,남자,69,60대+,False,,
drop_by,1f2bff746a544e40a0791f7f96800384,남자,50,50대,False,,
drop_by,d33a9dce79154183a6c698c4c5434683,남자,76,60대+,False,,
drop_by,f217fa750bd94a2d9510fbe4122493ec,남자,21,20대,True,11-14,토
drop_by,0782993bb7c04b24b0bca85448d9b294,여자,39,30대,False,,
drop_by,de7685e9cb95441ab3a4f4a56e6a261c,남자,59,50대,False,,
drop_by,9a712655d315471289ace698501a6285,여자,62,60대+,True,11-14,토
drop_by,fa04984f14aa4b3596fa8e7ee61db7de,여자,66,60대+,False,,
drop_by,494dfb6c3ba84892bd31026637f1fcf3,여자,43,40대,False,,
drop_by,b44a9b351721497b8d9b1af0dbe976b6,남자,56,50대,True,11-14,토
drop_by,4fbe15bac4dc419a93f87d8d20328e5c,남자,84,60대+,False,,
drop_by,d7ec64747ef1477cb2e85e2d609a5a6a,남자,41,40대,False,,
drop_by,eeaedeaf280c4883867608b2779f7d48,남자,46,40대,False,,
drop_by,cc0150ff6a2a43318ca14f285a8894f9,여자,55,50대,True,11-14,토
drop_by,5504d9df440f458fac3aa876c614c269,남자,63,60대+,False,,
drop_by,7b6b1d99489e46cbbc04c495773b791e,남자,59,50대,False,,
drop_by,9bbc884b683f477f930e6e3f0c64cce2,여자,22,20대,False,,
drop_by,5a7a39bfd8444c8cb563c70c13c54cf9,여자,55,50대,False,,
drop_by,6d82b2ac2fc0426ca12b1e35e74a4eed,여자,33,30대,False,,
drop_by,cc370f79f9d844578570eca897e51feb,여자,50,50대,False,,
drop_by,c89a8e39b13d409b9391bf47f3861f44,남자,60,60대+,True,17-21,금
drop_by,21f8244722a144ed9dd2da3eb437e3e5,여자,57,50대,False,,
drop_by,30e6257ad9b54658b63ba2b8ede7cf34,남자,50,50대,False,,
drop_by,ae8890f584e24e44b3dbadb83ba54b2f,남자,75,60대+,False,,
drop_by,15f68575ed614748ae33213d9fe409ea,여자,66,60대+,False,,
drop_by,d1344d8c3c5948f6b5fb58c5a8ab63a9,여자,45,40대,True,14-17,토
drop_by,93c9e5d3f0e74af08f1ffe7a0fcbf1d6,여자,60,60대+,False,,
drop_by,e43c90d8825545bfb1052a06051310c3,여자,82,60대+,False,,
drop_by,378a2fce734c4e7d8ec9b9e2e19b7041,여자,71,60대+,False,,
drop_by,8d4505292f96468a82c7cfc5e9235a51,남자,29,20대,False,,
drop_by,249f8893f19445539a3daf20644154a7,남자,27,20대,True,21-24,토
drop_by,863a40f6501b4650b1a4ff4aa306d9ad,여자,37,30대,True,17-21,토
drop_by,5ba45b849d324976b133cc150a66261b,남자,53,50대,False,,
drop_by,ea63062ddf23417284ba8fc756e52ab6,여자,27,20대,True,14-17,토
drop_by,9e39a7d88eaf4bfeb5992f73c0e1ddb1,여자,28,20대,True,17-21,토
drop_by,7aeeab80255e4721baa4f04492f487bb,여자,74,60대+,False,,
drop_by,787b6dff16d5404bb520cab7c717adb3,남자,26,20대,True,11-14,토
drop_by,b7b1bc536b7d4f2e91a6b2e14b30a3cd,여자,51,50대,False,,
drop_by,2c2738dbae0641019b5de2f21f721e24,여자,49,40대,False,,
drop_by,79b885d3349a4a688c1fe5e626825f95,남자,44,40대,False,,
drop_by,6664fd97b7f04a458ece463af078aa16,남자,55,50대,False,,
drop_by,ba2cd5537b3849c3a3ff2d46a0ee4f64,남자,77,60대+,False,,
drop_by,be47130c1d814f94b905ec0b5863efe7,여자,52,50대,False,,
drop_by,8aaabc11a6064662b928bf0866d3016e,여자,72,60대+,False,,
drop_by,e555bd2eb5c045fbbc9be825b277dfc3,남자,76,60대+,False,,
drop_by,6fb9b50a10a14260886b2ba8fb64c7c8,남자,24,20대,True,11-14,토
drop_by,2200eeea303c4977ac53716e44219ee4,남자,80,60대+,False,,
drop_by,d7daaaa1aaf64b8688a014c16fea33bf,남자,39,30대,True,17-21,금
drop_by,12aa168446fd452aba5c45d01411f287,여자,89,60대+,False,,
drop_by,7ebb530f6f8947458b4552d8c42face1,남자,42,40대,True,14-17,토
drop_by,b1826ff65e8a4b8d80283e46bd7c46a7,남자,57,50대,False,,
drop_by,ad4e0ca0a8a24262a5073a5bf1bd69a0,남자,34,30대,False,,
drop_by,b770fbfb84834fea9d2639620f44a0df,남자,67,60대+,True,11-14,토
drop_by,36d10d1e43464624b59bd06b41320dfd,남자,66,60대+,False,,
drop_by,723eb646f2b94366b48b3536d98630cf,여자,20,20대,False,,
drop_by,f4539987b3b14571a0c2216b7191c4d7,여자,33,30대,True,11-14,토
drop_by,6602130799f040b5bc835cd9ec47fffc,남자,63,60대+,False,,
drop_by,574d1dfe55c74432a69cda0bea69b38c,여자,71,60대+,False,,
drop_by,90a0067584b84259bc74bcc3f6531708,남자,53,50대,True,11-14,토
drop_by,286f39c8785a4c95a2d3cf3dc0ec2a5c,여자,75,60대+,False,,
drop_by,1b6bc2e9e1324782a1df47b6d137594c,여자,61,60대+,False,,
drop_by,21bd050f00bb4657b976aeec108d6aba,여자,30,30대,True,11-14,토
drop_by,efcf7e3093bf42cbaf84f3b115475cfd,남자,30,30대,True,17-21,금
drop_by,1befe7e7540a4a09bafacfa75d9b6d37,여자,36,30대,False,,
drop_by,f503e0263db84e2781b2cfe8a29ae8a4,남자,56,50대,False,,
drop_by,cb72052301f0443b917ee4d24acb3b5b,여자,47,40대,False,,
drop_by,ef993080649a4fb9adbb65b41b6e8a02,여자,58,50대,False,,
drop_by,0e1bb5270b18418680883041401fb689,남자,28,20대,True,21-24,금
drop_by,7b6886a34d94433d88e073f549dcd7c4,남자,53,50대,False,,
drop_by,bbfa3c3107d04bba866c5089cc643369,여자,66,60대+,False,,
drop_by,2c6db209a45741679e0d3f64aa2cb09a,여자,80,60대+,False,,
drop_by,60a8d8b184da4e6e84e0841d29749440,여자,53,50대,False,,
drop_by,360938565d0c49fb8343509fb04c6663,여자,85,60대+,False,,
drop_by,f8cab7794feb44ce8ce0645ad96da1c2,남자,47,40대,False,,
drop_by,3a4bd4a5454d46feb030b470dcc73ba9,여자,71,60대+,False,,
drop_by,169d4da0c8bc4846acc86098b3b94e4c,여자,21,20대,True,11-14,토
drop_by,fb942a9472f7424ea31853b688d2a538,남자,46,40대,False,,
drop_by,efc491eb95974559a2c1b76f1e3621ee,남자,40,40대,False,,
drop_by,8b132bd5dcb24dd2923633f4cc85c904,남자,50,50대,True,14-17,토
drop_by,8fc3f42747164993b2711f098df4098f,남자,22,20대,True,11-14,토
drop_by,94419a601ef64fb490fd687b1ca05b0f,남자,21,20대,True,14-17,금
drop_by,70a78d38a1a64f76850a6fc67ca1dbaa,남자,28,20대,False,,
drop_by,60a22ba641b942c281b777a26734741c,여자,49,40대,False,,
drop_by,9106df488787442d9d8612285e86451c,남자,40,40대,False,,
drop_by,5856cf04a6bf4472bc6cb396bebd8169,여자,31,30대,True,17-21,토
drop_by,d39d54740be84664ae96293fefefb91d,여자,26,20대,True,11-14,토
drop_by,b3644526e7ff4d028a5cb1a835f535ec,남자,63,60대+,False,,
drop_by,3f5ddbdd2c2c4841b298efd4741c09b9,남자,47,40대,False,,
drop_by,75cc6680340742179e111a730678a7cf,남자,51,50대,False,,
drop_by,2eab454bb1444e4081429d14f54d3adf,여자,23,20대,False,,
drop_by,70d1a5d3045340a983da8eb88f6c89bf,여자,51,50대,False,,
drop_by,2eac1f4261a44a7fbe87f35361e9c5d8,남자,79,60대+,False,,
drop_by,ed12e5a48c5b451fb7ec16c303b46614,여자,76,60대+,False,,
drop_by,1b88a89c87f24bbf9144b8f9fad3edaf,남자,62,60대+,False,,
drop_by,cc7579728cba44eb92572ed915351ecd,남자,37,30대,False,,
drop_by,7e354bdf7b8d4c35a141d9ccada9a12a,남자,73,60대+,False,,
drop_by,fbce57c114314e6abe84a062ac8938ae,남자,40,40대,False,,
drop_by,bee4b9f4d9634d5ebe686c0be8cb9f69,여자,31,30대,True,17-21,금
drop_by,cad2cf5c25b34cd4b5b0c718dc22ecd5,여자,36,30대,False,,
drop_by,113d11ded9c243f4848e24b26fdce473,여자,77,60대+,False,,
drop_by,bf829dad7f8a4259bec0d56ae328575c,여자,68,60대+,False,,
drop_by,622bbaf65bd0408cbea844edc2c75363,남자,31,30대,False,,
drop_by,21b1da6fd70e4c0492968b498b2b88ef,여자,87,60대+,False,,
drop_by,4ae87ada43234123a0c8429f91574d9f,남자,41,40대,False,,
drop_by,89d696c889cf4c6393eadb7d336038b6,여자,63,60대+,False,,
drop_by,b88c60c8168843db8cf9f14fd2062cfe,남자,52,50대,False,,
drop_by,30e47ee31e7041c5a351873e9bb46979,남자,80,60대+,True,11-14,토
drop_by,d708f9af2c5b46ddba5b6bde96e8208d,남자,46,40대,False,,
drop_by,bcfd7ebca9574af2bd22b14e38e7630f,여자,42,40대,False,,
drop_by,ad8ca00ed2d3448cb88b7fc15ebae074,남자,29,20대,True,14-17,토
drop_by,ef55e450df194f1b8408135c5cacc2c0,남자,26,20대,True,14-17,토
drop_by,3e8317a58dcf4a84a45634dbcf6dd965,여자,50,50대,False,,
drop_by,03a5e516c106460cab14ee37f6465f1a,여자,30,30대,False,,
drop_by,5e80ea99dff447b69550dd58c2226b56,남자,56,50대,False,,
drop_by,fa458c2648bd4b94a32cbe5b7ecff160,여자,57,50대,False,,
drop_by,4fe02056b361482391722a722b71acba,남자,81,60대+,False,,
drop_by,cbe41d86cbe44524b3ce2a84282572f9,여자,56,50대,False,,
drop_by,351cba4048cf406296aab5a422ad2895,여자,30,30대,False,,
drop_by,223156639e0d476c9008b8de1874459f,여자,74,60대+,False,,
drop_by,738ee1e8eea1497da40efaffd0b495c0,남자,65,60대+,False,,
drop_by,8b5912a3fd6c43d3893a6057638deff7,여자,65,60대+,False,,
drop_by,b00b576603ab45c7b9e76266f0b8aaa3,남자,36,30대,False,,
drop_by,a87448a73ff14e78a968ac331b0e2d72,여자,65,60대+,False,,
drop_by,80cc2cffb81146c9937cc83ffd5a0628,남자,40,40대,True,11-14,화
drop_by,a4f44e55f3bc4c47ab2552f5b5fbcf2f,남자,54,50대,False,,
drop_by,f0ad17190d324a1484517e84581d8d7e,여자,64,60대+,False,,
drop_by,7ee0faa953b94fac9cadd6cf4b90c2c1,남자,61,60대+,False,,
drop_by,49722a98a28b4f02aed3c25711bdd12e,남자,78,60대+,False,,
drop_by,693d9b5ba73e49eebfcb017e003f42d7,남자,30,30대,False,,
drop_by,7e230e2e27c342eaa8f7da1159337e3c,여자,48,40대,False,,
drop_by,57d09b52a8e54aeda3497aee2c2a3bcf,남자,70,60대+,False,,
drop_by,a1e509ca7afb44858925f8680ea8d250,여자,52,50대,False,,
drop_by,59952736388b459c9b51f9f66efa3820,남자,31,30대,False,,
drop_by,905b1922c69e411e91b738e4c88ae3c4,여자,57,50대,False,,
drop_by,84934918eb61453a82366500914f2e82,여자,19,10대,False,,
drop_by,4f6f82fc2d834ed4a79cf28c42dc1763,여자,58,50대,False,,
drop_by,025dbabbda0544768b70436fcdc8dabf,남자,46,40대,False,,
drop_by,60284eaf0d4c46f194dd184c9c7f5c29,남자,57,50대,False,,
drop_by,682d2f48ecd943a19e9539174535ff32,남자,49,40대,False,,
drop_by,944a80d11305456d86ae350ac2a026d5,남자,38,30대,False,,
drop_by,2daefd03390a41088dcb6d93695979d9,여자,60,60대+,False,,
drop_by,6233057787e34379a851654fb0164740,여자,56,50대,False,,
drop_by,8f0a513230a9412aab602feac903fd24,남자,72,60대+,False,,
drop_by,4240f68ff7444e99937d864560a4193e,남자,62,60대+,False,,
drop_by,0c147f461fb3425084d96324cde2d070,남자,43,40대,False,,
drop_by,e345dcdd7e0248db8c85bb159aae1617,여자,40,40대,False,,
drop_by,e92818f39daf427fbe59c4dc4c32bebd,여자,47,40대,False,,
drop_by,d37e981284074242ae54eebb53baa051,남자,40,40대,False,,
drop_by,e9bb21f6ad4e4bde943a48d8975e5f29,여자,84,60대+,False,,
drop_by,6f47968a950b4bd3ad58eb6793315253,여자,26,20대,False,,
drop_by,f0dc3ce67bfc4ae8af9931d266093239,남자,69,60대+,False,,
drop_by,7efc1ab8056a462bbc687208458ecb94,남자,31,30대,False,,
drop_by,80e39b45442d4c5eb7a8192746ed6485,여자,47,40대,False,,
drop_by,24db70a3d6144f2db3731d692ab22d6a,남자,28,20대,False,,
drop_by,d909d7b3d2a54559826040eda656aea2,남자,60,60대+,False,,
drop_by,39c283ca34884a658df961438f668e3d,남자,43,40대,False,,
drop_by,b416a5dce8f64a4bbd753b04570e2082,여자,48,40대,False,,
drop_by,dee16ab3b9844953a173f7bd9bd24900,여자,40,40대,False,,
drop_by,5ab374374dfb42bb83f32dc84b4ea468,남자,49,40대,False,,
drop_by,52aa79f33e9a44519d2082ae427d280f,여자,21,20대,False,,
drop_by,8838f4e802bf4543bb56525644b8c380,남자,51,50대,False,,
drop_by,2441bf2683034a7eadece4089c4497ae,여자,81,60대+,False,,
drop_by,ee43f80890b24f28bce490ab9edf8ad3,남자,30,30대,False,,
drop_by,8f81745baaa94887a28aee26b89fc39c,여자,42,40대,False,,
drop_by,38f70a484448494fa5d2731bd0a9dc0f,남자,66,60대+,False,,
drop_by,736dc2ad984d46a894c840f32d84d27c,여자,79,60대+,False,,
drop_by,25f2d65af0bb434686f5e498bd2f3e2b,여자,54,50대,True,17-21,금
drop_by,65a583c005a34f619122eeaee99b41ec,여자,49,40대,False,,
drop_by,4b124b1c993546e0b42531b1dc8b6dc6,남자,54,50대,True,21-24,금
drop_by,95e74635617c4cec81ed98fbb559f6b1,여자,69,60대+,False,,
drop_by,18cd6952fafe43d1a3c2d5206ac155bf,여자,26,20대,False,,
drop_by,5f114f26fbb84813b11444bc4a525672,여자,49,40대,False,,
drop_by,1a1b6bcccd0a4520bc0c3e237643ec6c,여자,31,30대,True,11-14,토
drop_by,817b577fc6574e88b9f72c219fabb4bb,여자,32,30대,False,,
drop_by,8018edd3080f4b18a5a6912a239acb8d,남자,42,40대,True,17-21,토
drop_by,d5891f29c6ac45e1884136f7ebaa179f,여자,48,40대,True,11-14,토
drop_by,bd048c25c33044c7b25063f5d778ff7e,여자,45,40대,False,,
drop_by,4ed6f768b5324ada9a4eb34ce2245040,남자,28,20대,False,,
drop_by,a3118ff663544c28803bce7950351ede,남자,43,40대,True,17-21,금
drop_by,b2963e70a6814db6bbc9a79d1c82cded,여자,38,30대,False,,
drop_by,31b08f0679994f489b4cc313ec8adf9b,남자,66,60대+,False,,
drop_by,f7bf65266efd4a079cca6d49b834f8ac,여자,39,30대,False,,
drop_by,4448711ba9a44fa0a288b34ad6798c06,여자,78,60대+,False,,
drop_by,5e1de2bb0eb44569ab60429b341ea061,여자,84,60대+,False,,
drop_by,47ce994ce8f8437694033622b0adc66f,남자,48,40대,False,,
drop_by,94d58a762af743fb916e7d233bbf2027,여자,62,60대+,False,,
drop_by,a5df7d6a5bff47cf8fca8ea04b009724,여자,26,20대,True,11-14,토
drop_by,346b0b91c5434d9ba0f95c9eac8a2212,남자,32,30대,False,,
drop_by,e7620dbc75ed4642a01409204d50f29e,여자,36,30대,False,,
drop_by,c345f2918f074d2b9583cdd116a3993e,여자,30,30대,False,,
drop_by,00b02aeb941346958e14ffb544b8703b,여자,44,40대,False,,
drop_by,0c0fcbc2661c4d87984052e3a38dd244,남자,46,40대,False,,
drop_by,7bec5bbf398842cf90a6df0e4e60c41b,남자,70,60대+,False,,
drop_by,60919884c5b8489baad10da1d16bba9e,남자,27,20대,False,,
drop_by,6dfd052b3f8d42738ff271b1def57ecd,남자,70,60대+,False,,
drop_by,ecac2c6fbd6f4a61afc086decd73bb49,남자,65,60대+,False,,
drop_by,6a0fcdd1c8be4030820998c3663a27d7,여자,49,40대,False,,
drop_by,07e5d4d40c7a46e5b40b0b1a2e124ba4,남자,54,50대,False,,
drop_by,49e69085c46843508568aa9c600c24cd,여자,32,30대,False,,
drop_by,38e2f5679e084fa0b2a335562e535996,남자,37,30대,False,,
drop_by,8203175add444e9cadfb4e168e8a46c2,남자,25,20대,True,11-14,토
drop_by,3ee1d81574104f8fa35a584a5f5291d7,남자,54,50대,False,,
drop_by,9601a662dbff403db0056adc48a283cd,여자,77,60대+,False,,
drop_by,969c966ea4da4879b6c26ed690b1c26c,남자,53,50대,False,,
drop_by,79772ebb825042db891f66e776216595,여자,30,30대,False,,
drop_by,d62bb237130b4f87a1d40d3457343932,여자,29,20대,False,,
drop_by,b67fc927087a4d8abdca455799e414ba,여자,30,30대,False,,
drop_by,9954ab2a6cb5435abe3b0c4fc61328d0,여자,55,50대,False,,
drop_by,4fae29b0e2f24d64b2f5a40bff00d977,남자,32,30대,False,,
drop_by,bded35e32ebb4feaa1c4901224fd1cda,여자,54,50대,False,,
drop_by,139464100cc6424cb227b29d5460895c,여자,45,40대,False,,
drop_by,76520e4d5eee435d9e76834044d7e700,남자,37,30대,False,,
drop_by,24fcc0b343b34468b3a11b158cb3ca5f,남자,22,20대,False,,
drop_by,adc16ff6bf914ed6a936d8aab08b5478,여자,44,40대,False,,
drop_by,8bae62780f584e6cbc0356a09cabd5b5,남자,63,60대+,False,,
drop_by,aff9838c9dfb474a9c6c0401e8e27568,여자,82,60대+,False,,
drop_by,45735759fac94274864e0f4d4d5e64ae,여자,40,40대,False,,
drop_by,e8b37175534549f5a45bc8bab4289ae5,여자,34,30대,True,17-21,금
drop_by,895937bd59fd4baba8e4bbd655a09033,여자,37,30대,False,,
drop_by,9c0315d03d634b1581d07a6b285457ff,남자,41,40대,False,,
drop_by,e801fb6dff8c4df59fe757974c5afbfe,여자,29,20대,False,,
drop_by,0d6a5121a88f4248b0d4c47ef1db478a,여자,32,30대,False,,
drop_by,753f4c1ea46b492c9be74ffd8b5613e4,여자,52,50대,False,,
drop_by,6f94353af64b474bb3d23972556e7ffd,남자,50,50대,False,,
drop_by,0704ed5ed35c488da6d95c287cf67d84,여자,56,50대,False,,
drop_by,7e77240e6cd44f63beef994f4f0dd61f,남자,53,50대,False,,
drop_by,6d49ebd54c91458eabf6b0d9298a404b,여자,44,40대,False,,
drop_by,a33d6db4a0e44ed18745b3524e680648,남자,44,40대,False,,
drop_by,2ea36f8cfa684364baaa7b1160695358,여자,68,60대+,False,,
drop_by,af9d27d5d3274bf78e7c871c830c36f1,여자,36,30대,False,,
drop_by,de7812a56ad245afb2dea6ac30fde2e6,여자,64,60대+,False,,
drop_by,c7d1cc63c7c3412795e3756ee081b7e2,여자,88,60대+,False,,
drop_by,5cc1bf7859614965b8d035bfefa8996c,여자,62,60대+,False,,
drop_by,c6816a2421b14f3b8600047a4f62c226,여자,51,50대,True,14-17,토
drop_by,8a85660b2691414ca5e5ea561e709bec,남자,55,50대,False,,
drop_by,a171b8b7186d467e8377aa1e86ff9f6e,여자,36,30대,False,,
drop_by,733af93109314cf08cfbd2b5a844580a,남자,48,40대,False,,
drop_by,6e12260d03424e36b1cc5674c1fa7f98,남자,28,20대,True,21-24,금
drop_by,b32f62002ad24cc59522ec20b3e47b4f,남자,36,30대,False,,
drop_by,ee5d01c2409a4766b8fe8def2f7bb436,여자,76,60대+,False,,
drop_by,fed6feec3abd49f7ac6ec21591842a1a,여자,71,60대+,False,,
drop_by,bdcb3d2543a84840a4c1062cb9ba7057,남자,22,20대,False,,
drop_by,ac26303c9d0d4811ae913094fcf592df,남자,34,30대,False,,
drop_by,6aaba6200a7542bea8e5c263dee34493,남자,72,60대+,False,,
drop_by,7812aac2e4444d48aaa6d28ac610c15f,남자,43,40대,False,,
drop_by,e429b2f85011488e8b73dc20d584665a,남자,62,60대+,False,,
drop_by,aca36863fe234f6d849b5321aedb546e,여자,52,50대,True,11-14,토
drop_by,d847ef7390c543c9966c0accbbf06606,여자,32,30대,False,,
drop_by,ca515997152a41528685fddf4f83097d,남자,28,20대,True,14-17,토
drop_by,a875d769b535475fa1c2cbcf0aada5e1,여자,63,60대+,False,,
drop_by,092f4b4c4c4b47789d29054eb3ee5b2c,여자,52,50대,True,11-14,토
drop_by,be7c5b30d72346ae8cdbd1992d456180,남자,68,60대+,False,,
drop_by,2d005f8da570419e95e823b0ad624723,여자,28,20대,True,11-14,토
drop_by,0434fc952f4d458d8b064f784d430af4,여자,35,30대,False,,
drop_by,9b790f9495114bc9a102dd5a5f86f2e4,여자,43,40대,True,14-17,토
drop_by,d720949ee3c4437d8c7f2b0074a130ff,남자,30,30대,False,,
drop_by,233b96d682714eb2899848df139a7a09,여자,41,40대,False,,
drop_by,5842cc932cf84d72838bec7c1c49a269,여자,33,30대,True,11-14,토
drop_by,f9ea2736628441628e6faa8262caf4dd,여자,59,50대,True,11-14,토
drop_by,8d90a7dfea5d4bd09d2980d72b3bb3f4,남자,60,60대+,False,,
drop_by,9c7f97b57dc949dcbd958ddcb254c85a,남자,60,60대+,False,,
drop_by,585b539e65894fe09da0a403c7c0bc2c,여자,45,40대,True,11-14,토
drop_by,8ee6a81fa66d4d17b5c9f5626b695ba6,남자,27,20대,False,,
drop_by,59beebeca0884700948d876923c158bc,남자,28,20대,True,11-14,토
drop_by,795cd49dc70849358b6cd0a148448fce,여자,52,50대,True,11-14,토
drop_by,ffb998a848804dacb051750e09376b77,여자,48,40대,False,,
errand,cf84816ec5be445791fce6ceec714021,남자,48,40대,False,,
errand,5bd1044aa75f4cfe95d58dd9d760caf9,여자,22,20대,False,,
errand,7ae97bfbc1eb4609b5b9f0d99975e5b6,여자,51,50대,False,,
errand,05a816b92bdc45e3907dcd1301efe7c7,남자,72,60대+,False,,
errand,90e2ccf234854c2f9e4f6867aec6c926,여자,43,40대,False,,
errand,01a92b27599c483a9672d1574843b3e5,남자,34,30대,False,,
errand,07500c855484452ebdc78ed1ef5c0432,남자,41,40대,False,,
errand,79862e417a3047c1b695b7cbe5653b90,여자,34,30대,False,,
errand,315bc64a01614275be06f4678311e169,남자,40,40대,False,,
errand,4a81c69dbeed4ddba4d883053f6030a2,여자,78,60대+,False,,
errand,7f8d4c4073f64c64afe58afc75b33a30,여자,31,30대,False,,
errand,bcdc99a845ec4410b9c52a610c49dd13,남자,40,40대,False,,
errand,c495a6025d774434b239389a090f191e,여자,62,60대+,False,,
errand,eaf38b41946f4473b0106b20a852109a,남자,57,50대,False,,
errand,c14efc585c46499b85dc81d2e3c544bb,남자,32,30대,False,,
errand,fe5cfbfcfe7f4044ae3cb6b0925cdad0,남자,24,20대,False,,
errand,4c2004e1c424446593add52d85bb4772,여자,76,60대+,False,,
errand,0f586a71782044ffae8faf34766d49bb,남자,59,50대,False,,
errand,5db99407e4914086bdc586ce3af034ad,여자,66,60대+,False,,
errand,f8f7c8e04c3743cabee09969b2ea15b4,여자,66,60대+,False,,
errand,8b4b31a6876f4a63b9bfd597d136c541,여자,46,40대,False,,
errand,aee2ab8d43804509b690c79d5eb4edb3,여자,42,40대,False,,
errand,c8eebbd44b8446a2aa8f317e92673d0b,여자,24,20대,False,,
errand,3f93ea9aed41470a8d9a04a027f2712b,남자,35,30대,False,,
errand,a4044a66e84f4b83a86647b521018e99,남자,34,30대,False,,
errand,eb808759670d475db7e4e9ef3a336394,남자,42,40대,False,,
errand,409a149838a342a4923cc5e2f8895a00,남자,29,20대,False,,
errand,a6090e0fba6d441a8591c702dd0170a4,여자,30,30대,False,,
errand,21c59424e6534bfbba67eb00fb0f18de,남자,26,20대,False,,
errand,54bc6801cd324d2d9aad12d57b534e93,남자,36,30대,False,,
errand,3b3ad8974df847558c1db446243b7588,남자,66,60대+,False,,
errand,e472e8e0067d4374a8c9a54f202d4bc6,남자,33,30대,False,,
errand,5364e9a824ff437aa47609f97e59ccc3,여자,68,60대+,False,,
errand,92abfdff015844808fe11e8ed5b1ecb0,여자,61,60대+,False,,
errand,c0c7a36b83464908892ffde369b059f5,남자,69,60대+,False,,
errand,1f2bff746a544e40a0791f7f96800384,남자,50,50대,False,,
errand,d33a9dce79154183a6c698c4c5434683,남자,76,60대+,False,,
errand,f217fa750bd94a2d9510fbe4122493ec,남자,21,20대,True,17-21,금
errand,0782993bb7c04b24b0bca85448d9b294,여자,39,30대,False,,
errand,de7685e9cb95441ab3a4f4a56e6a261c,남자,59,50대,False,,
errand,9a712655d315471289ace698501a6285,여자,62,60대+,False,,
errand,fa04984f14aa4b3596fa8e7ee61db7de,여자,66,60대+,False,,
errand,494dfb6c3ba84892bd31026637f1fcf3,여자,43,40대,False,,
errand,b44a9b351721497b8d9b1af0dbe976b6,남자,56,50대,False,,
errand,4fbe15bac4dc419a93f87d8d20328e5c,남자,84,60대+,False,,
errand,d7ec64747ef1477cb2e85e2d609a5a6a,남자,41,40대,False,,
errand,eeaedeaf280c4883867608b2779f7d48,남자,46,40대,False,,
errand,cc0150ff6a2a43318ca14f285a8894f9,여자,55,50대,False,,
errand,5504d9df440f458fac3aa876c614c269,남자,63,60대+,False,,
errand,7b6b1d99489e46cbbc04c495773b791e,남자,59,50대,False,,
errand,9bbc884b683f477f930e6e3f0c64cce2,여자,22,20대,False,,
errand,5a7a39bfd8444c8cb563c70c13c54cf9,여자,55,50대,False,,
errand,6d82b2ac2fc0426ca12b1e35e74a4eed,여자,33,30대,False,,
errand,cc370f79f9d844578570eca897e51feb,여자,50,50대,False,,
errand,c89a8e39b13d409b9391bf47f3861f44,남자,60,60대+,False,,
errand,21f8244722a144ed9dd2da3eb437e3e5,여자,57,50대,False,,
errand,30e6257ad9b54658b63ba2b8ede7cf34,남자,50,50대,False,,
errand,ae8890f584e24e44b3dbadb83ba54b2f,남자,75,60대+,False,,
errand,15f68575ed614748ae33213d9fe409ea,여자,66,60대+,False,,
errand,d1344d8c3c5948f6b5fb58c5a8ab63a9,여자,45,40대,True,17-21,토
errand,93c9e5d3f0e74af08f1ffe7a0fcbf1d6,여자,60,60대+,False,,
errand,e43c90d8825545bfb1052a06051310c3,여자,82,60대+,False,,
errand,378a2fce734c4e7d8ec9b9e2e19b7041,여자,71,60대+,False,,
errand,8d4505292f96468a82c7cfc5e9235a51,남자,29,20대,False,,
errand,249f8893f19445539a3daf20644154a7,남자,27,20대,False,,
errand,863a40f6501b4650b1a4ff4aa306d9ad,여자,37,30대,True,11-14,토
errand,5ba45b849d324976b133cc150a66261b,남자,53,50대,False,,
errand,ea63062ddf23417284ba8fc756e52ab6,여자,27,20대,True,11-14,토
errand,9e39a7d88eaf4bfeb5992f73c0e1ddb1,여자,28,20대,True,11-14,토
errand,7aeeab80255e4721baa4f04492f487bb,여자,74,60대+,False,,
errand,787b6dff16d5404bb520cab7c717adb3,남자,26,20대,True,11-14,토
errand,b7b1bc536b7d4f2e91a6b2e14b30a3cd,여자,51,50대,False,,
errand,2c2738dbae0641019b5de2f21f721e24,여자,49,40대,False,,
errand,79b885d3349a4a688c1fe5e626825f95,남자,44,40대,False,,
errand,6664fd97b7f04a458ece463af078aa16,남자,55,50대,False,,
errand,ba2cd5537b3849c3a3ff2d46a0ee4f64,남자,77,60대+,False,,
errand,be47130c1d814f94b905ec0b5863efe7,여자,52,50대,False,,
errand,8aaabc11a6064662b928bf0866d3016e,여자,72,60대+,False,,
errand,e555bd2eb5c045fbbc9be825b277dfc3,남자,76,60대+,False,,
errand,6fb9b50a10a14260886b2ba8fb64c7c8,남자,24,20대,True,17-21,토
errand,2200eeea303c4977ac53716e44219ee4,남자,80,60대+,False,,
errand,d7daaaa1aaf64b8688a014c16fea33bf,남자,39,30대,True,17-21,토
errand,12aa168446fd452aba5c45d01411f287,여자,89,60대+,False,,
errand,7ebb530f6f8947458b4552d8c42face1,남자,42,40대,True,11-14,토
errand,b1826ff65e8a4b8d80283e46bd7c46a7,남자,57,50대,True,11-14,토
errand,ad4e0ca0a8a24262a5073a5bf1bd69a0,남자,34,30대,False,,
errand,b770fbfb84834fea9d2639620f44a0df,남자,67,60대+,True,11-14,금
errand,36d10d1e43464624b59bd06b41320dfd,남자,66,60대+,False,,
errand,723eb646f2b94366b48b3536d98630cf,여자,20,20대,False,,
errand,f4539987b3b14571a0c2216b7191c4d7,여자,33,30대,True,11-14,토
errand,6602130799f040b5bc835cd9ec47fffc,남자,63,60대+,False,,
errand,574d1dfe55c74432a69cda0bea69b38c,여자,71,60대+,False,,
errand,90a0067584b84259bc74bcc3f6531708,남자,53,50대,True,11-14,토
errand,286f39c8785a4c95a2d3cf3dc0ec2a5c,여자,75,60대+,False,,
errand,1b6bc2e9e1324782a1df47b6d137594c,여자,61,60대+,False,,
errand,21bd050f00bb4657b976aeec108d6aba,여자,30,30대,True,11-14,토
errand,efcf7e3093bf42cbaf84f3b115475cfd,남자,30,30대,True,17-21,금
errand,1befe7e7540a4a09bafacfa75d9b6d37,여자,36,30대,False,,
errand,f503e0263db84e2781b2cfe8a29ae8a4,남자,56,50대,True,11-14,토
errand,cb72052301f0443b917ee4d24acb3b5b,여자,47,40대,False,,
errand,ef993080649a4fb9adbb65b41b6e8a02,여자,58,50대,False,,
errand,0e1bb5270b18418680883041401fb689,남자,28,20대,False,,
errand,7b6886a34d94433d88e073f549dcd7c4,남자,53,50대,False,,
errand,bbfa3c3107d04bba866c5089cc643369,여자,66,60대+,False,,
errand,2c6db209a45741679e0d3f64aa2cb09a,여자,80,60대+,False,,
errand,60a8d8b184da4e6e84e0841d29749440,여자,53,50대,False,,
errand,360938565d0c49fb8343509fb04c6663,여자,85,60대+,False,,
errand,f8cab7794feb44ce8ce0645ad96da1c2,남자,47,40대,False,,
errand,3a4bd4a5454d46feb030b470dcc73ba9,여자,71,60대+,False,,
errand,169d4da0c8bc4846acc86098b3b94e4c,여자,21,20대,True,11-14,토
errand,fb942a9472f7424ea31853b688d2a538,남자,46,40대,False,,
errand,efc491eb95974559a2c1b76f1e3621ee,남자,40,40대,False,,
errand,8b132bd5dcb24dd2923633f4cc85c904,남자,50,50대,False,,
errand,8fc3f42747164993b2711f098df4098f,남자,22,20대,False,,
errand,94419a601ef64fb490fd687b1ca05b0f,남자,21,20대,False,,
errand,70a78d38a1a64f76850a6fc67ca1dbaa,남자,28,20대,False,,
errand,60a22ba641b942c281b777a26734741c,여자,49,40대,False,,
errand,9106df488787442d9d8612285e86451c,남자,40,40대,False,,
errand,5856cf04a6bf4472bc6cb396bebd8169,여자,31,30대,False,,
errand,d39d54740be84664ae96293fefefb91d,여자,26,20대,False,,
errand,b3644526e7ff4d028a5cb1a835f535ec,남자,63,60대+,False,,
errand,3f5ddbdd2c2c4841b298efd4741c09b9,남자,47,40대,False,,
errand,75cc6680340742179e111a730678a7cf,남자,51,50대,False,,
errand,2eab454bb1444e4081429d14f54d3adf,여자,23,20대,False,,
errand,70d1a5d3045340a983da8eb88f6c89bf,여자,51,50대,False,,
errand,2eac1f4261a44a7fbe87f35361e9c5d8,남자,79,60대+,False,,
errand,ed12e5a48c5b451fb7ec16c303b46614,여자,76,60대+,False,,
errand,1b88a89c87f24bbf9144b8f9fad3edaf,남자,62,60대+,False,,
errand,cc7579728cba44eb92572ed915351ecd,남자,37,30대,False,,
errand,7e354bdf7b8d4c35a141d9ccada9a12a,남자,73,60대+,False,,
errand,fbce57c114314e6abe84a062ac8938ae,남자,40,40대,False,,
errand,bee4b9f4d9634d5ebe686c0be8cb9f69,여자,31,30대,True,17-21,토
errand,cad2cf5c25b34cd4b5b0c718dc22ecd5,여자,36,30대,False,,
errand,113d11ded9c243f4848e24b26fdce473,여자,77,60대+,False,,
errand,bf829dad7f8a4259bec0d56ae328575c,여자,68,60대+,False,,
errand,622bbaf65bd0408cbea844edc2c75363,남자,31,30대,True,21-24,금
errand,21b1da6fd70e4c0492968b498b2b88ef,여자,87,60대+,False,,
errand,4ae87ada43234123a0c8429f91574d9f,남자,41,40대,False,,
errand,89d696c889cf4c6393eadb7d336038b6,여자,63,60대+,False,,
errand,b88c60c8168843db8cf9f14fd2062cfe,남자,52,50대,False,,
errand,30e47ee31e7041c5a351873e9bb46979,남자,80,60대+,True,06-11,토
errand,d708f9af2c5b46ddba5b6bde96e8208d,남자,46,40대,False,,
errand,bcfd7ebca9574af2bd22b14e38e7630f,여자,42,40대,False,,
errand,ad8ca00ed2d3448cb88b7fc15ebae074,남자,29,20대,True,11-14,토
errand,ef55e450df194f1b8408135c5cacc2c0,남자,26,20대,True,11-14,토
errand,3e8317a58dcf4a84a45634dbcf6dd965,여자,50,50대,False,,
errand,03a5e516c106460cab14ee37f6465f1a,여자,30,30대,False,,
errand,5e80ea99dff447b69550dd58c2226b56,남자,56,50대,False,,
errand,fa458c2648bd4b94a32cbe5b7ecff160,여자,57,50대,False,,
errand,4fe02056b361482391722a722b71acba,남자,81,60대+,False,,
errand,cbe41d86cbe44524b3ce2a84282572f9,여자,56,50대,False,,
errand,351cba4048cf406296aab5a422ad2895,여자,30,30대,False,,
errand,223156639e0d476c9008b8de1874459f,여자,74,60대+,False,,
errand,738ee1e8eea1497da40efaffd0b495c0,남자,65,60대+,False,,
errand,8b5912a3fd6c43d3893a6057638deff7,여자,65,60대+,False,,
errand,b00b576603ab45c7b9e76266f0b8aaa3,남자,36,30대,True,11-14,토
errand,a87448a73ff14e78a968ac331b0e2d72,여자,65,60대+,False,,
errand,80cc2cffb81146c9937cc83ffd5a0628,남자,40,40대,True,21-24,금
errand,a4f44e55f3bc4c47ab2552f5b5fbcf2f,남자,54,50대,False,,
errand,f0ad17190d324a1484517e84581d8d7e,여자,64,60대+,False,,
errand,7ee0faa953b94fac9cadd6cf4b90c2c1,남자,61,60대+,False,,
errand,49722a98a28b4f02aed3c25711bdd12e,남자,78,60대+,False,,
errand,693d9b5ba73e49eebfcb017e003f42d7,남자,30,30대,False,,
errand,7e230e2e27c342eaa8f7da1159337e3c,여자,48,40대,False,,
errand,57d09b52a8e54aeda3497aee2c2a3bcf,남자,70,60대+,False,,
errand,a1e509ca7afb44858925f8680ea8d250,여자,52,50대,False,,
errand,59952736388b459c9b51f9f66efa3820,남자,31,30대,False,,
errand,905b1922c69e411e91b738e4c88ae3c4,여자,57,50대,False,,
errand,84934918eb61453a82366500914f2e82,여자,19,10대,True,11-14,토
errand,4f6f82fc2d834ed4a79cf28c42dc1763,여자,58,50대,False,,
errand,025dbabbda0544768b70436fcdc8dabf,남자,46,40대,False,,
errand,60284eaf0d4c46f194dd184c9c7f5c29,남자,57,50대,False,,
errand,682d2f48ecd943a19e9539174535ff32,남자,49,40대,False,,
errand,944a80d11305456d86ae350ac2a026d5,남자,38,30대,False,,
errand,2daefd03390a41088dcb6d93695979d9,여자,60,60대+,False,,
errand,6233057787e34379a851654fb0164740,여자,56,50대,False,,
errand,8f0a513230a9412aab602feac903fd24,남자,72,60대+,False,,
errand,4240f68ff7444e99937d864560a4193e,남자,62,60대+,False,,
errand,0c147f461fb3425084d96324cde2d070,남자,43,40대,False,,
errand,e345dcdd7e0248db8c85bb159aae1617,여자,40,40대,False,,
errand,e92818f39daf427fbe59c4dc4c32bebd,여자,47,40대,False,,
errand,d37e981284074242ae54eebb53baa051,남자,40,40대,False,,
errand,e9bb21f6ad4e4bde943a48d8975e5f29,여자,84,60대+,False,,
errand,6f47968a950b4bd3ad58eb6793315253,여자,26,20대,False,,
errand,f0dc3ce67bfc4ae8af9931d266093239,남자,69,60대+,False,,
errand,7efc1ab8056a462bbc687208458ecb94,남자,31,30대,False,,
errand,80e39b45442d4c5eb7a8192746ed6485,여자,47,40대,False,,
errand,24db70a3d6144f2db3731d692ab22d6a,남자,28,20대,False,,
errand,d909d7b3d2a54559826040eda656aea2,남자,60,60대+,False,,
errand,39c283ca34884a658df961438f668e3d,남자,43,40대,False,,
errand,b416a5dce8f64a4bbd753b04570e2082,여자,48,40대,False,,
errand,dee16ab3b9844953a173f7bd9bd24900,여자,40,40대,False,,
errand,5ab374374dfb42bb83f32dc84b4ea468,남자,49,40대,False,,
errand,52aa79f33e9a44519d2082ae427d280f,여자,21,20대,False,,
errand,8838f4e802bf4543bb56525644b8c380,남자,51,50대,False,,
errand,2441bf2683034a7eadece4089c4497ae,여자,81,60대+,False,,
errand,ee43f80890b24f28bce490ab9edf8ad3,남자,30,30대,False,,
errand,8f81745baaa94887a28aee26b89fc39c,여자,42,40대,False,,
errand,38f70a484448494fa5d2731bd0a9dc0f,남자,66,60대+,False,,
errand,736dc2ad984d46a894c840f32d84d27c,여자,79,60대+,False,,
errand,25f2d65af0bb434686f5e498bd2f3e2b,여자,54,50대,False,,
errand,65a583c005a34f619122eeaee99b41ec,여자,49,40대,False,,
errand,4b124b1c993546e0b42531b1dc8b6dc6,남자,54,50대,True,17-21,금
errand,95e74635617c4cec81ed98fbb559f6b1,여자,69,60대+,False,,
errand,18cd6952fafe43d1a3c2d5206ac155bf,여자,26,20대,False,,
errand,5f114f26fbb84813b11444bc4a525672,여자,49,40대,False,,
errand,1a1b6bcccd0a4520bc0c3e237643ec6c,여자,31,30대,False,,
errand,817b577fc6574e88b9f72c219fabb4bb,여자,32,30대,False,,
errand,8018edd3080f4b18a5a6912a239acb8d,남자,42,40대,False,,
errand,d5891f29c6ac45e1884136f7ebaa179f,여자,48,40대,False,,
errand,bd048c25c33044c7b25063f5d778ff7e,여자,45,40대,False,,
errand,4ed6f768b5324ada9a4eb34ce2245040,남자,28,20대,True,11-14,토
errand,a3118ff663544c28803bce7950351ede,남자,43,40대,False,,
errand,b2963e70a6814db6bbc9a79d1c82cded,여자,38,30대,False,,
errand,31b08f0679994f489b4cc313ec8adf9b,남자,66,60대+,False,,
errand,f7bf65266efd4a079cca6d49b834f8ac,여자,39,30대,False,,
errand,4448711ba9a44fa0a288b34ad6798c06,여자,78,60대+,False,,
errand,5e1de2bb0eb44569ab60429b341ea061,여자,84,60대+,False,,
errand,47ce994ce8f8437694033622b0adc66f,남자,48,40대,False,,
errand,94d58a762af743fb916e7d233bbf2027,여자,62,60대+,False,,
errand,a5df7d6a5bff47cf8fca8ea04b009724,여자,26,20대,False,,
errand,346b0b91c5434d9ba0f95c9eac8a2212,남자,32,30대,True,17-21,금
errand,e7620dbc75ed4642a01409204d50f29e,여자,36,30대,True,14-17,토
errand,c345f2918f074d2b9583cdd116a3993e,여자,30,30대,False,,
errand,00b02aeb941346958e14ffb544b8703b,여자,44,40대,False,,
errand,0c0fcbc2661c4d87984052e3a38dd244,남자,46,40대,False,,
errand,7bec5bbf398842cf90a6df0e4e60c41b,남자,70,60대+,False,,
errand,60919884c5b8489baad10da1d16bba9e,남자,27,20대,False,,
errand,6dfd052b3f8d42738ff271b1def57ecd,남자,70,60대+,False,,
errand,ecac2c6fbd6f4a61afc086decd73bb49,남자,65,60대+,False,,
errand,6a0fcdd1c8be4030820998c3663a27d7,여자,49,40대,False,,
errand,07e5d4d40c7a46e5b40b0b1a2e124ba4,남자,54,50대,False,,
errand,49e69085c46843508568aa9c600c24cd,여자,32,30대,False,,
errand,38e2f5679e084fa0b2a335562e535996,남자,37,30대,False,,
errand,8203175add444e9cadfb4e168e8a46c2,남자,25,20대,False,,
errand,3ee1d81574104f8fa35a584a5f5291d7,남자,54,50대,False,,
errand,9601a662dbff403db0056adc48a283cd,여자,77,60대+,False,,
errand,969c966ea4da4879b6c26ed690b1c26c,남자,53,50대,True,11-14,토
errand,79772ebb825042db891f66e776216595,여자,30,30대,False,,
errand,d62bb237130b4f87a1d40d3457343932,여자,29,20대,False,,
errand,b67fc927087a4d8abdca455799e414ba,여자,30,30대,False,,
errand,9954ab2a6cb5435abe3b0c4fc61328d0,여자,55,50대,False,,
errand,4fae29b0e2f24d64b2f5a40bff00d977,남자,32,30대,False,,
errand,bded35e32ebb4feaa1c4901224fd1cda,여자,54,50대,False,,
errand,139464100cc6424cb227b29d5460895c,여자,45,40대,False,,
errand,76520e4d5eee435d9e76834044d7e700,남자,37,30대,True,21-24,목
errand,24fcc0b343b34468b3a11b158cb3ca5f,남자,22,20대,False,,
errand,adc16ff6bf914ed6a936d8aab08b5478,여자,44,40대,False,,
errand,8bae62780f584e6cbc0356a09cabd5b5,남자,63,60대+,False,,
errand,aff9838c9dfb474a9c6c0401e8e27568,여자,82,60대+,False,,
errand,45735759fac94274864e0f4d4d5e64ae,여자,40,40대,False,,
errand,e8b37175534549f5a45bc8bab4289ae5,여자,34,30대,False,,
errand,895937bd59fd4baba8e4bbd655a09033,여자,37,30대,False,,
errand,9c0315d03d634b1581d07a6b285457ff,남자,41,40대,False,,
errand,e801fb6dff8c4df59fe757974c5afbfe,여자,29,20대,False,,
errand,0d6a5121a88f4248b0d4c47ef1db478a,여자,32,30대,False,,
errand,753f4c1ea46b492c9be74ffd8b5613e4,여자,52,50대,False,,
errand,6f94353af64b474bb3d23972556e7ffd,남자,50,50대,False,,
errand,0704ed5ed35c488da6d95c287cf67d84,여자,56,50대,False,,
errand,7e77240e6cd44f63beef994f4f0dd61f,남자,53,50대,False,,
errand,6d49ebd54c91458eabf6b0d9298a404b,여자,44,40대,False,,
errand,a33d6db4a0e44ed18745b3524e680648,남자,44,40대,False,,
errand,2ea36f8cfa684364baaa7b1160695358,여자,68,60대+,False,,
errand,af9d27d5d3274bf78e7c871c830c36f1,여자,36,30대,False,,
errand,de7812a56ad245afb2dea6ac30fde2e6,여자,64,60대+,False,,
errand,c7d1cc63c7c3412795e3756ee081b7e2,여자,88,60대+,False,,
errand,5cc1bf7859614965b8d035bfefa8996c,여자,62,60대+,False,,
errand,c6816a2421b14f3b8600047a4f62c226,여자,51,50대,True,17-21,토
errand,8a85660b2691414ca5e5ea561e709bec,남자,55,50대,False,,
errand,a171b8b7186d467e8377aa1e86ff9f6e,여자,36,30대,False,,
errand,733af93109314cf08cfbd2b5a844580a,남자,48,40대,False,,
errand,6e12260d03424e36b1cc5674c1fa7f98,남자,28,20대,True,21-24,금
errand,b32f62002ad24cc59522ec20b3e47b4f,남자,36,30대,False,,
errand,ee5d01c2409a4766b8fe8def2f7bb436,여자,76,60대+,False,,
errand,fed6feec3abd49f7ac6ec21591842a1a,여자,71,60대+,False,,
errand,bdcb3d2543a84840a4c1062cb9ba7057,남자,22,20대,False,,
errand,ac26303c9d0d4811ae913094fcf592df,남자,34,30대,False,,
errand,6aaba6200a7542bea8e5c263dee34493,남자,72,60대+,False,,
errand,7812aac2e4444d48aaa6d28ac610c15f,남자,43,40대,False,,
errand,e429b2f85011488e8b73dc20d584665a,남자,62,60대+,False,,
errand,aca36863fe234f6d849b5321aedb546e,여자,52,50대,False,,
errand,d847ef7390c543c9966c0accbbf06606,여자,32,30대,False,,
errand,ca515997152a41528685fddf4f83097d,남자,28,20대,True,11-14,토
errand,a875d769b535475fa1c2cbcf0aada5e1,여자,63,60대+,False,,
errand,092f4b4c4c4b47789d29054eb3ee5b2c,여자,52,50대,False,,
errand,be7c5b30d72346ae8cdbd1992d456180,남자,68,60대+,False,,
errand,2d005f8da570419e95e823b0ad624723,여자,28,20대,False,,
errand,0434fc952f4d458d8b064f784d430af4,여자,35,30대,False,,
errand,9b790f9495114bc9a102dd5a5f86f2e4,여자,43,40대,False,,
errand,d720949ee3c4437d8c7f2b0074a130ff,남자,30,30대,False,,
errand,233b96d682714eb2899848df139a7a09,여자,41,40대,False,,
errand,5842cc932cf84d72838bec7c1c49a269,여자,33,30대,False,,
errand,f9ea2736628441628e6faa8262caf4dd,여자,59,50대,True,14-17,토
errand,8d90a7dfea5d4bd09d2980d72b3bb3f4,남자,60,60대+,False,,
errand,9c7f97b57dc949dcbd958ddcb254c85a,남자,60,60대+,False,,
errand,585b539e65894fe09da0a403c7c0bc2c,여자,45,40대,True,14-17,토
errand,8ee6a81fa66d4d17b5c9f5626b695ba6,남자,27,20대,False,,
errand,59beebeca0884700948d876923c158bc,남자,28,20대,False,,
errand,795cd49dc70849358b6cd0a148448fce,여자,52,50대,False,,
errand,ffb998a848804dacb051750e09376b77,여자,48,40대,False,,
use,cf84816ec5be445791fce6ceec714021,남자,48,40대,False,,
use,5bd1044aa75f4cfe95d58dd9d760caf9,여자,22,20대,False,,
use,7ae97bfbc1eb4609b5b9f0d99975e5b6,여자,51,50대,False,,
use,05a816b92bdc45e3907dcd1301efe7c7,남자,72,60대+,False,,
use,90e2ccf234854c2f9e4f6867aec6c926,여자,43,40대,False,,
use,01a92b27599c483a9672d1574843b3e5,남자,34,30대,False,,
use,07500c855484452ebdc78ed1ef5c0432,남자,41,40대,False,,
use,79862e417a3047c1b695b7cbe5653b90,여자,34,30대,False,,
use,315bc64a01614275be06f4678311e169,남자,40,40대,False,,
use,4a81c69dbeed4ddba4d883053f6030a2,여자,78,60대+,False,,
use,7f8d4c4073f64c64afe58afc75b33a30,여자,31,30대,False,,
use,bcdc99a845ec4410b9c52a610c49dd13,남자,40,40대,False,,
use,c495a6025d774434b239389a090f191e,여자,62,60대+,False,,
use,eaf38b41946f4473b0106b20a852109a,남자,57,50대,False,,
use,c14efc585c46499b85dc81d2e3c544bb,남자,32,30대,True,17-21,금
use,fe5cfbfcfe7f4044ae3cb6b0925cdad0,남자,24,20대,False,,
use,4c2004e1c424446593add52d85bb4772,여자,76,60대+,False,,
use,0f586a71782044ffae8faf34766d49bb,남자,59,50대,False,,
use,5db99407e4914086bdc586ce3af034ad,여자,66,60대+,False,,
use,f8f7c8e04c3743cabee09969b2ea15b4,여자,66,60대+,False,,
use,8b4b31a6876f4a63b9bfd597d136c541,여자,46,40대,False,,
use,aee2ab8d43804509b690c79d5eb4edb3,여자,42,40대,False,,
use,c8eebbd44b8446a2aa8f317e92673d0b,여자,24,20대,False,,
use,3f93ea9aed41470a8d9a04a027f2712b,남자,35,30대,False,,
use,a4044a66e84f4b83a86647b521018e99,남자,34,30대,True,17-21,토
use,eb808759670d475db7e4e9ef3a336394,남자,42,40대,True,21-24,목
use,409a149838a342a4923cc5e2f8895a00,남자,29,20대,True,11-14,토
use,a6090e0fba6d441a8591c702dd0170a4,여자,30,30대,True,17-21,금
use,21c59424e6534bfbba67eb00fb0f18de,남자,26,20대,False,,
use,54bc6801cd324d2d9aad12d57b534e93,남자,36,30대,True,11-14,토
use,3b3ad8974df847558c1db446243b7588,남자,66,60대+,False,,
use,e472e8e0067d4374a8c9a54f202d4bc6,남자,33,30대,False,,
use,5364e9a824ff437aa47609f97e59ccc3,여자,68,60대+,False,,
use,92abfdff015844808fe11e8ed5b1ecb0,여자,61,60대+,True,11-14,토
use,c0c7a36b83464908892ffde369b059f5,남자,69,60대+,False,,
use,1f2bff746a544e40a0791f7f96800384,남자,50,50대,True,17-21,금
use,d33a9dce79154183a6c698c4c5434683,남자,76,60대+,True,11-14,토
use,f217fa750bd94a2d9510fbe4122493ec,남자,21,20대,True,17-21,금
use,0782993bb7c04b24b0bca85448d9b294,여자,39,30대,True,11-14,토
use,de7685e9cb95441ab3a4f4a56e6a261c,남자,59,50대,False,,
use,9a712655d315471289ace698501a6285,여자,62,60대+,True,11-14,토
use,fa04984f14aa4b3596fa8e7ee61db7de,여자,66,60대+,True,11-14,토
use,494dfb6c3ba84892bd31026637f1fcf3,여자,43,40대,True,11-14,토
use,b44a9b351721497b8d9b1af0dbe976b6,남자,56,50대,True,11-14,토
use,4fbe15bac4dc419a93f87d8d20328e5c,남자,84,60대+,False,,
use,d7ec64747ef1477cb2e85e2d609a5a6a,남자,41,40대,False,,
use,eeaedeaf280c4883867608b2779f7d48,남자,46,40대,True,11-14,토
use,cc0150ff6a2a43318ca14f285a8894f9,여자,55,50대,True,11-14,토
use,5504d9df440f458fac3aa876c614c269,남자,63,60대+,False,,
use,7b6b1d99489e46cbbc04c495773b791e,남자,59,50대,True,21-24,금
use,9bbc884b683f477f930e6e3f0c64cce2,여자,22,20대,False,,
use,5a7a39bfd8444c8cb563c70c13c54cf9,여자,55,50대,False,,
use,6d82b2ac2fc0426ca12b1e35e74a4eed,여자,33,30대,False,,
use,cc370f79f9d844578570eca897e51feb,여자,50,50대,False,,
use,c89a8e39b13d409b9391bf47f3861f44,남자,60,60대+,False,,
use,21f8244722a144ed9dd2da3eb437e3e5,여자,57,50대,False,,
use,30e6257ad9b54658b63ba2b8ede7cf34,남자,50,50대,False,,
use,ae8890f584e24e44b3dbadb83ba54b2f,남자,75,60대+,False,,
use,15f68575ed614748ae33213d9fe409ea,여자,66,60대+,False,,
use,d1344d8c3c5948f6b5fb58c5a8ab63a9,여자,45,40대,False,,
use,93c9e5d3f0e74af08f1ffe7a0fcbf1d6,여자,60,60대+,False,,
use,e43c90d8825545bfb1052a06051310c3,여자,82,60대+,False,,
use,378a2fce734c4e7d8ec9b9e2e19b7041,여자,71,60대+,False,,
use,8d4505292f96468a82c7cfc5e9235a51,남자,29,20대,False,,
use,249f8893f19445539a3daf20644154a7,남자,27,20대,True,17-21,토
use,863a40f6501b4650b1a4ff4aa306d9ad,여자,37,30대,False,,
use,5ba45b849d324976b133cc150a66261b,남자,53,50대,False,,
use,ea63062ddf23417284ba8fc756e52ab6,여자,27,20대,True,14-17,토
use,9e39a7d88eaf4bfeb5992f73c0e1ddb1,여자,28,20대,True,14-17,토
use,7aeeab80255e4721baa4f04492f487bb,여자,74,60대+,False,,
use,787b6dff16d5404bb520cab7c717adb3,남자,26,20대,False,,
use,b7b1bc536b7d4f2e91a6b2e14b30a3cd,여자,51,50대,False,,
use,2c2738dbae0641019b5de2f21f721e24,여자,49,40대,False,,
use,79b885d3349a4a688c1fe5e626825f95,남자,44,40대,False,,
use,6664fd97b7f04a458ece463af078aa16,남자,55,50대,False,,
use,ba2cd5537b3849c3a3ff2d46a0ee4f64,남자,77,60대+,False,,
use,be47130c1d814f94b905ec0b5863efe7,여자,52,50대,False,,
use,8aaabc11a6064662b928bf0866d3016e,여자,72,60대+,False,,
use,e555bd2eb5c045fbbc9be825b277dfc3,남자,76,60대+,False,,
use,6fb9b50a10a14260886b2ba8fb64c7c8,남자,24,20대,True,11-14,토
use,2200eeea303c4977ac53716e44219ee4,남자,80,60대+,False,,
use,d7daaaa1aaf64b8688a014c16fea33bf,남자,39,30대,True,14-17,토
use,12aa168446fd452aba5c45d01411f287,여자,89,60대+,False,,
use,7ebb530f6f8947458b4552d8c42face1,남자,42,40대,True,11-14,토
use,b1826ff65e8a4b8d80283e46bd7c46a7,남자,57,50대,True,14-17,토
use,ad4e0ca0a8a24262a5073a5bf1bd69a0,남자,34,30대,False,,
use,b770fbfb84834fea9d2639620f44a0df,남자,67,60대+,True,17-21,토
use,36d10d1e43464624b59bd06b41320dfd,남자,66,60대+,False,,
use,723eb646f2b94366b48b3536d98630cf,여자,20,20대,True,11-14,토
use,f4539987b3b14571a0c2216b7191c4d7,여자,33,30대,True,11-14,토
use,6602130799f040b5bc835cd9ec47fffc,남자,63,60대+,False,,
use,574d1dfe55c74432a69cda0bea69b38c,여자,71,60대+,True,11-14,토
use,90a0067584b84259bc74bcc3f6531708,남자,53,50대,True,11-14,토
use,286f39c8785a4c95a2d3cf3dc0ec2a5c,여자,75,60대+,False,,
use,1b6bc2e9e1324782a1df47b6d137594c,여자,61,60대+,True,11-14,토
use,21bd050f00bb4657b976aeec108d6aba,여자,30,30대,True,11-14,토
use,efcf7e3093bf42cbaf84f3b115475cfd,남자,30,30대,True,17-21,금
use,1befe7e7540a4a09bafacfa75d9b6d37,여자,36,30대,False,,
use,f503e0263db84e2781b2cfe8a29ae8a4,남자,56,50대,False,,
use,cb72052301f0443b917ee4d24acb3b5b,여자,47,40대,False,,
use,ef993080649a4fb9adbb65b41b6e8a02,여자,58,50대,False,,
use,0e1bb5270b18418680883041401fb689,남자,28,20대,True,17-21,금
use,7b6886a34d94433d88e073f549dcd7c4,남자,53,50대,True,17-21,금
use,bbfa3c3107d04bba866c5089cc643369,여자,66,60대+,False,,
use,2c6db209a45741679e0d3f64aa2cb09a,여자,80,60대+,False,,
use,60a8d8b184da4e6e84e0841d29749440,여자,53,50대,False,,
use,360938565d0c49fb8343509fb04c6663,여자,85,60대+,False,,
use,f8cab7794feb44ce8ce0645ad96da1c2,남자,47,40대,False,,
use,3a4bd4a5454d46feb030b470dcc73ba9,여자,71,60대+,False,,
use,169d4da0c8bc4846acc86098b3b94e4c,여자,21,20대,True,14-17,토
use,fb942a9472f7424ea31853b688d2a538,남자,46,40대,False,,
use,efc491eb95974559a2c1b76f1e3621ee,남자,40,40대,False,,
use,8b132bd5dcb24dd2923633f4cc85c904,남자,50,50대,False,,
use,8fc3f42747164993b2711f098df4098f,남자,22,20대,True,14-17,토
use,94419a601ef64fb490fd687b1ca05b0f,남자,21,20대,True,11-14,토
use,70a78d38a1a64f76850a6fc67ca1dbaa,남자,28,20대,False,,
use,60a22ba641b942c281b777a26734741c,여자,49,40대,False,,
use,9106df488787442d9d8612285e86451c,남자,40,40대,True,17-21,금
use,5856cf04a6bf4472bc6cb396bebd8169,여자,31,30대,False,,
use,d39d54740be84664ae96293fefefb91d,여자,26,20대,False,,
use,b3644526e7ff4d028a5cb1a835f535ec,남자,63,60대+,False,,
use,3f5ddbdd2c2c4841b298efd4741c09b9,남자,47,40대,False,,
use,75cc6680340742179e111a730678a7cf,남자,51,50대,False,,
use,2eab454bb1444e4081429d14f54d3adf,여자,23,20대,False,,
use,70d1a5d3045340a983da8eb88f6c89bf,여자,51,50대,False,,
use,2eac1f4261a44a7fbe87f35361e9c5d8,남자,79,60대+,False,,
use,ed12e5a48c5b451fb7ec16c303b46614,여자,76,60대+,False,,
use,1b88a89c87f24bbf9144b8f9fad3edaf,남자,62,60대+,False,,
use,cc7579728cba44eb92572ed915351ecd,남자,37,30대,False,,
use,7e354bdf7b8d4c35a141d9ccada9a12a,남자,73,60대+,False,,
use,fbce57c114314e6abe84a062ac8938ae,남자,40,40대,False,,
use,bee4b9f4d9634d5ebe686c0be8cb9f69,여자,31,30대,False,,
use,cad2cf5c25b34cd4b5b0c718dc22ecd5,여자,36,30대,False,,
use,113d11ded9c243f4848e24b26fdce473,여자,77,60대+,False,,
use,bf829dad7f8a4259bec0d56ae328575c,여자,68,60대+,False,,
use,622bbaf65bd0408cbea844edc2c75363,남자,31,30대,False,,
use,21b1da6fd70e4c0492968b498b2b88ef,여자,87,60대+,False,,
use,4ae87ada43234123a0c8429f91574d9f,남자,41,40대,False,,
use,89d696c889cf4c6393eadb7d336038b6,여자,63,60대+,False,,
use,b88c60c8168843db8cf9f14fd2062cfe,남자,52,50대,False,,
use,30e47ee31e7041c5a351873e9bb46979,남자,80,60대+,True,11-14,토
use,d708f9af2c5b46ddba5b6bde96e8208d,남자,46,40대,False,,
use,bcfd7ebca9574af2bd22b14e38e7630f,여자,42,40대,False,,
use,ad8ca00ed2d3448cb88b7fc15ebae074,남자,29,20대,True,11-14,토
use,ef55e450df194f1b8408135c5cacc2c0,남자,26,20대,True,11-14,토
use,3e8317a58dcf4a84a45634dbcf6dd965,여자,50,50대,False,,
use,03a5e516c106460cab14ee37f6465f1a,여자,30,30대,False,,
use,5e80ea99dff447b69550dd58c2226b56,남자,56,50대,False,,
use,fa458c2648bd4b94a32cbe5b7ecff160,여자,57,50대,False,,
use,4fe02056b361482391722a722b71acba,남자,81,60대+,False,,
use,cbe41d86cbe44524b3ce2a84282572f9,여자,56,50대,False,,
use,351cba4048cf406296aab5a422ad2895,여자,30,30대,False,,
use,223156639e0d476c9008b8de1874459f,여자,74,60대+,False,,
use,738ee1e8eea1497da40efaffd0b495c0,남자,65,60대+,False,,
use,8b5912a3fd6c43d3893a6057638deff7,여자,65,60대+,False,,
use,b00b576603ab45c7b9e76266f0b8aaa3,남자,36,30대,False,,
use,a87448a73ff14e78a968ac331b0e2d72,여자,65,60대+,False,,
use,80cc2cffb81146c9937cc83ffd5a0628,남자,40,40대,True,21-24,금
use,a4f44e55f3bc4c47ab2552f5b5fbcf2f,남자,54,50대,False,,
use,f0ad17190d324a1484517e84581d8d7e,여자,64,60대+,False,,
use,7ee0faa953b94fac9cadd6cf4b90c2c1,남자,61,60대+,True,11-14,토
use,49722a98a28b4f02aed3c25711bdd12e,남자,78,60대+,False,,
use,693d9b5ba73e49eebfcb017e003f42d7,남자,30,30대,False,,
use,7e230e2e27c342eaa8f7da1159337e3c,여자,48,40대,False,,
use,57d09b52a8e54aeda3497aee2c2a3bcf,남자,70,60대+,False,,
use,a1e509ca7afb44858925f8680ea8d250,여자,52,50대,False,,
use,59952736388b459c9b51f9f66efa3820,남자,31,30대,False,,
use,905b1922c69e411e91b738e4c88ae3c4,여자,57,50대,False,,
use,84934918eb61453a82366500914f2e82,여자,19,10대,True,11-14,토
use,4f6f82fc2d834ed4a79cf28c42dc1763,여자,58,50대,False,,
use,025dbabbda0544768b70436fcdc8dabf,남자,46,40대,False,,
use,60284eaf0d4c46f194dd184c9c7f5c29,남자,57,50대,False,,
use,682d2f48ecd943a19e9539174535ff32,남자,49,40대,False,,
use,944a80d11305456d86ae350ac2a026d5,남자,38,30대,False,,
use,2daefd03390a41088dcb6d93695979d9,여자,60,60대+,False,,
use,6233057787e34379a851654fb0164740,여자,56,50대,False,,
use,8f0a513230a9412aab602feac903fd24,남자,72,60대+,False,,
use,4240f68ff7444e99937d864560a4193e,남자,62,60대+,False,,
use,0c147f461fb3425084d96324cde2d070,남자,43,40대,False,,
use,e345dcdd7e0248db8c85bb159aae1617,여자,40,40대,False,,
use,e92818f39daf427fbe59c4dc4c32bebd,여자,47,40대,False,,
use,d37e981284074242ae54eebb53baa051,남자,40,40대,False,,
use,e9bb21f6ad4e4bde943a48d8975e5f29,여자,84,60대+,False,,
use,6f47968a950b4bd3ad58eb6793315253,여자,26,20대,False,,
use,f0dc3ce67bfc4ae8af9931d266093239,남자,69,60대+,False,,
use,7efc1ab8056a462bbc687208458ecb94,남자,31,30대,False,,
use,80e39b45442d4c5eb7a8192746ed6485,여자,47,40대,False,,
use,24db70a3d6144f2db3731d692ab22d6a,남자,28,20대,False,,
use,d909d7b3d2a54559826040eda656aea2,남자,60,60대+,False,,
use,39c283ca34884a658df961438f668e3d,남자,43,40대,False,,
use,b416a5dce8f64a4bbd753b04570e2082,여자,48,40대,False,,
use,dee16ab3b9844953a173f7bd9bd24900,여자,40,40대,False,,
use,5ab374374dfb42bb83f32dc84b4ea468,남자,49,40대,False,,
use,52aa79f33e9a44519d2082ae427d280f,여자,21,20대,False,,
use,8838f4e802bf4543bb56525644b8c380,남자,51,50대,False,,
use,2441bf2683034a7eadece4089c4497ae,여자,81,60대+,False,,
use,ee43f80890b24f28bce490ab9edf8ad3,남자,30,30대,False,,
use,8f81745baaa94887a28aee26b89fc39c,여자,42,40대,False,,
use,38f70a484448494fa5d2731bd0a9dc0f,남자,66,60대+,False,,
use,736dc2ad984d46a894c840f32d84d27c,여자,79,60대+,False,,
use,25f2d65af0bb434686f5e498bd2f3e2b,여자,54,50대,False,,
use,65a583c005a34f619122eeaee99b41ec,여자,49,40대,False,,
use,4b124b1c993546e0b42531b1dc8b6dc6,남자,54,50대,False,,
use,95e74635617c4cec81ed98fbb559f6b1,여자,69,60대+,False,,
use,18cd6952fafe43d1a3c2d5206ac155bf,여자,26,20대,False,,
use,5f114f26fbb84813b11444bc4a525672,여자,49,40대,False,,
use,1a1b6bcccd0a4520bc0c3e237643ec6c,여자,31,30대,False,,
use,817b577fc6574e88b9f72c219fabb4bb,여자,32,30대,False,,
use,8018edd3080f4b18a5a6912a239acb8d,남자,42,40대,False,,
use,d5891f29c6ac45e1884136f7ebaa179f,여자,48,40대,False,,
use,bd048c25c33044c7b25063f5d778ff7e,여자,45,40대,False,,
use,4ed6f768b5324ada9a4eb34ce2245040,남자,28,20대,False,,
use,a3118ff663544c28803bce7950351ede,남자,43,40대,False,,
use,b2963e70a6814db6bbc9a79d1c82cded,여자,38,30대,False,,
use,31b08f0679994f489b4cc313ec8adf9b,남자,66,60대+,False,,
use,f7bf65266efd4a079cca6d49b834f8ac,여자,39,30대,False,,
use,4448711ba9a44fa0a288b34ad6798c06,여자,78,60대+,False,,
use,5e1de2bb0eb44569ab60429b341ea061,여자,84,60대+,False,,
use,47ce994ce8f8437694033622b0adc66f,남자,48,40대,False,,
use,94d58a762af743fb916e7d233bbf2027,여자,62,60대+,False,,
use,a5df7d6a5bff47cf8fca8ea04b009724,여자,26,20대,False,,
use,346b0b91c5434d9ba0f95c9eac8a2212,남자,32,30대,False,,
use,e7620dbc75ed4642a01409204d50f29e,여자,36,30대,True,14-17,수
use,c345f2918f074d2b9583cdd116a3993e,여자,30,30대,False,,
use,00b02aeb941346958e14ffb544b8703b,여자,44,40대,False,,
use,0c0fcbc2661c4d87984052e3a38dd244,남자,46,40대,False,,
use,7bec5bbf398842cf90a6df0e4e60c41b,남자,70,60대+,False,,
use,60919884c5b8489baad10da1d16bba9e,남자,27,20대,False,,
use,6dfd052b3f8d42738ff271b1def57ecd,남자,70,60대+,False,,
use,ecac2c6fbd6f4a61afc086decd73bb49,남자,65,60대+,False,,
use,6a0fcdd1c8be4030820998c3663a27d7,여자,49,40대,True,11-14,토
use,07e5d4d40c7a46e5b40b0b1a2e124ba4,남자,54,50대,False,,
use,49e69085c46843508568aa9c600c24cd,여자,32,30대,False,,
use,38e2f5679e084fa0b2a335562e535996,남자,37,30대,False,,
use,8203175add444e9cadfb4e168e8a46c2,남자,25,20대,True,14-17,토
use,3ee1d81574104f8fa35a584a5f5291d7,남자,54,50대,False,,
use,9601a662dbff403db0056adc48a283cd,여자,77,60대+,False,,
use,969c966ea4da4879b6c26ed690b1c26c,남자,53,50대,False,,
use,79772ebb825042db891f66e776216595,여자,30,30대,False,,
use,d62bb237130b4f87a1d40d3457343932,여자,29,20대,False,,
use,b67fc927087a4d8abdca455799e414ba,여자,30,30대,True,11-14,토
use,9954ab2a6cb5435abe3b0c4fc61328d0,여자,55,50대,False,,
use,4fae29b0e2f24d64b2f5a40bff00d977,남자,32,30대,True,11-14,토
use,bded35e32ebb4feaa1c4901224fd1cda,여자,54,50대,False,,
use,139464100cc6424cb227b29d5460895c,여자,45,40대,False,,
use,76520e4d5eee435d9e76834044d7e700,남자,37,30대,False,,
use,24fcc0b343b34468b3a11b158cb3ca5f,남자,22,20대,False,,
use,adc16ff6bf914ed6a936d8aab08b5478,여자,44,40대,False,,
use,8bae62780f584e6cbc0356a09cabd5b5,남자,63,60대+,False,,
use,aff9838c9dfb474a9c6c0401e8e27568,여자,82,60대+,False,,
use,45735759fac94274864e0f4d4d5e64ae,여자,40,40대,False,,
use,e8b37175534549f5a45bc8bab4289ae5,여자,34,30대,False,,
use,895937bd59fd4baba8e4bbd655a09033,여자,37,30대,False,,
use,9c0315d03d634b1581d07a6b285457ff,남자,41,40대,False,,
use,e801fb6dff8c4df59fe757974c5afbfe,여자,29,20대,False,,
use,0d6a5121a88f4248b0d4c47ef1db478a,여자,32,30대,False,,
use,753f4c1ea46b492c9be74ffd8b5613e4,여자,52,50대,False,,
use,6f94353af64b474bb3d23972556e7ffd,남자,50,50대,False,,
use,0704ed5ed35c488da6d95c287cf67d84,여자,56,50대,False,,
use,7e77240e6cd44f63beef994f4f0dd61f,남자,53,50대,False,,
use,6d49ebd54c91458eabf6b0d9298a404b,여자,44,40대,False,,
use,a33d6db4a0e44ed18745b3524e680648,남자,44,40대,False,,
use,2ea36f8cfa684364baaa7b1160695358,여자,68,60대+,False,,
use,af9d27d5d3274bf78e7c871c830c36f1,여자,36,30대,False,,
use,de7812a56ad245afb2dea6ac30fde2e6,여자,64,60대+,False,,
use,c7d1cc63c7c3412795e3756ee081b7e2,여자,88,60대+,False,,
use,5cc1bf7859614965b8d035bfefa8996c,여자,62,60대+,False,,
use,c6816a2421b14f3b8600047a4f62c226,여자,51,50대,True,11-14,토
use,8a85660b2691414ca5e5ea561e709bec,남자,55,50대,False,,
use,a171b8b7186d467e8377aa1e86ff9f6e,여자,36,30대,False,,
use,733af93109314cf08cfbd2b5a844580a,남자,48,40대,False,,
use,6e12260d03424e36b1cc5674c1fa7f98,남자,28,20대,True,21-24,금
use,b32f62002ad24cc59522ec20b3e47b4f,남자,36,30대,False,,
use,ee5d01c2409a4766b8fe8def2f7bb436,여자,76,60대+,False,,
use,fed6feec3abd49f7ac6ec21591842a1a,여자,71,60대+,False,,
use,bdcb3d2543a84840a4c1062cb9ba7057,남자,22,20대,False,,
use,ac26303c9d0d4811ae913094fcf592df,남자,34,30대,True,17-21,토
use,6aaba6200a7542bea8e5c263dee34493,남자,72,60대+,True,17-21,화
use,7812aac2e4444d48aaa6d28ac610c15f,남자,43,40대,False,,
use,e429b2f85011488e8b73dc20d584665a,남자,62,60대+,False,,
use,aca36863fe234f6d849b5321aedb546e,여자,52,50대,True,14-17,토
use,d847ef7390c543c9966c0accbbf06606,여자,32,30대,False,,
use,ca515997152a41528685fddf4f83097d,남자,28,20대,True,11-14,토
use,a875d769b535475fa1c2cbcf0aada5e1,여자,63,60대+,False,,
use,092f4b4c4c4b47789d29054eb3ee5b2c,여자,52,50대,True,14-17,토
use,be7c5b30d72346ae8cdbd1992d456180,남자,68,60대+,False,,
use,2d005f8da570419e95e823b0ad624723,여자,28,20대,True,11-14,토
use,0434fc952f4d458d8b064f784d430af4,여자,35,30대,False,,
use,9b790f9495114bc9a102dd5a5f86f2e4,여자,43,40대,True,14-17,토
use,d720949ee3c4437d8c7f2b0074a130ff,남자,30,30대,False,,
use,233b96d682714eb2899848df139a7a09,여자,41,40대,False,,
use,5842cc932cf84d72838bec7c1c49a269,여자,33,30대,True,14-17,토
use,f9ea2736628441628e6faa8262caf4dd,여자,59,50대,True,11-14,토
use,8d90a7dfea5d4bd09d2980d72b3bb3f4,남자,60,60대+,True,17-21,금
use,9c7f97b57dc949dcbd958ddcb254c85a,남자,60,60대+,True,14-17,화
use,585b539e65894fe09da0a403c7c0bc2c,여자,45,40대,True,14-17,토
use,8ee6a81fa66d4d17b5c9f5626b695ba6,남자,27,20대,False,,
use,59beebeca0884700948d876923c158bc,남자,28,20대,True,11-14,토
use,795cd49dc70849358b6cd0a148448fce,여자,52,50대,True,14-17,토
use,ffb998a848804dacb051750e09376b77,여자,48,40대,True,17-21,토
go,cf84816ec5be445791fce6ceec714021,남자,48,40대,False,,
go,5bd1044aa75f4cfe95d58dd9d760caf9,여자,22,20대,False,,
go,7ae97bfbc1eb4609b5b9f0d99975e5b6,여자,51,50대,False,,
go,05a816b92bdc45e3907dcd1301efe7c7,남자,72,60대+,False,,
go,90e2ccf234854c2f9e4f6867aec6c926,여자,43,40대,False,,
go,01a92b27599c483a9672d1574843b3e5,남자,34,30대,False,,
go,07500c855484452ebdc78ed1ef5c0432,남자,41,40대,False,,
go,79862e417a3047c1b695b7cbe5653b90,여자,34,30대,False,,
go,315bc64a01614275be06f4678311e169,남자,40,40대,False,,
go,4a81c69dbeed4ddba4d883053f6030a2,여자,78,60대+,False,,
go,7f8d4c4073f64c64afe58afc75b33a30,여자,31,30대,False,,
go,bcdc99a845ec4410b9c52a610c49dd13,남자,40,40대,False,,
go,c495a6025d774434b239389a090f191e,여자,62,60대+,False,,
go,eaf38b41946f4473b0106b20a852109a,남자,57,50대,False,,
go,c14efc585c46499b85dc81d2e3c544bb,남자,32,30대,False,,
go,fe5cfbfcfe7f4044ae3cb6b0925cdad0,남자,24,20대,False,,
go,4c2004e1c424446593add52d85bb4772,여자,76,60대+,False,,
go,0f586a71782044ffae8faf34766d49bb,남자,59,50대,False,,
go,5db99407e4914086bdc586ce3af034ad,여자,66,60대+,False,,
go,f8f7c8e04c3743cabee09969b2ea15b4,여자,66,60대+,False,,
go,8b4b31a6876f4a63b9bfd597d136c541,여자,46,40대,False,,
go,aee2ab8d43804509b690c79d5eb4edb3,여자,42,40대,False,,
go,c8eebbd44b8446a2aa8f317e92673d0b,여자,24,20대,False,,
go,3f93ea9aed41470a8d9a04a027f2712b,남자,35,30대,False,,
go,a4044a66e84f4b83a86647b521018e99,남자,34,30대,False,,
go,eb808759670d475db7e4e9ef3a336394,남자,42,40대,True,17-21,금
go,409a149838a342a4923cc5e2f8895a00,남자,29,20대,True,11-14,토
go,a6090e0fba6d441a8591c702dd0170a4,여자,30,30대,False,,
go,21c59424e6534bfbba67eb00fb0f18de,남자,26,20대,False,,
go,54bc6801cd324d2d9aad12d57b534e93,남자,36,30대,True,21-24,금
go,3b3ad8974df847558c1db446243b7588,남자,66,60대+,False,,
go,e472e8e0067d4374a8c9a54f202d4bc6,남자,33,30대,False,,
go,5364e9a824ff437aa47609f97e59ccc3,여자,68,60대+,False,,
go,92abfdff015844808fe11e8ed5b1ecb0,여자,61,60대+,False,,
go,c0c7a36b83464908892ffde369b059f5,남자,69,60대+,True,11-14,토
go,1f2bff746a544e40a0791f7f96800384,남자,50,50대,False,,
go,d33a9dce79154183a6c698c4c5434683,남자,76,60대+,False,,
go,f217fa750bd94a2d9510fbe4122493ec,남자,21,20대,True,17-21,금
go,0782993bb7c04b24b0bca85448d9b294,여자,39,30대,False,,
go,de7685e9cb95441ab3a4f4a56e6a261c,남자,59,50대,False,,
go,9a712655d315471289ace698501a6285,여자,62,60대+,True,11-14,토
go,fa04984f14aa4b3596fa8e7ee61db7de,여자,66,60대+,False,,
go,494dfb6c3ba84892bd31026637f1fcf3,여자,43,40대,False,,
go,b44a9b351721497b8d9b1af0dbe976b6,남자,56,50대,False,,
go,4fbe15bac4dc419a93f87d8d20328e5c,남자,84,60대+,False,,
go,d7ec64747ef1477cb2e85e2d609a5a6a,남자,41,40대,False,,
go,eeaedeaf280c4883867608b2779f7d48,남자,46,40대,False,,
go,cc0150ff6a2a43318ca14f285a8894f9,여자,55,50대,True,11-14,토
go,5504d9df440f458fac3aa876c614c269,남자,63,60대+,False,,
go,7b6b1d99489e46cbbc04c495773b791e,남자,59,50대,False,,
go,9bbc884b683f477f930e6e3f0c64cce2,여자,22,20대,False,,
go,5a7a39bfd8444c8cb563c70c13c54cf9,여자,55,50대,False,,
go,6d82b2ac2fc0426ca12b1e35e74a4eed,여자,33,30대,False,,
go,cc370f79f9d844578570eca897e51feb,여자,50,50대,False,,
go,c89a8e39b13d409b9391bf47f3861f44,남자,60,60대+,False,,
go,21f8244722a144ed9dd2da3eb437e3e5,여자,57,50대,False,,
go,30e6257ad9b54658b63ba2b8ede7cf34,남자,50,50대,False,,
go,ae8890f584e24e44b3dbadb83ba54b2f,남자,75,60대+,False,,
go,15f68575ed614748ae33213d9fe409ea,여자,66,60대+,False,,
go,d1344d8c3c5948f6b5fb58c5a8ab63a9,여자,45,40대,False,,
go,93c9e5d3f0e74af08f1ffe7a0fcbf1d6,여자,60,60대+,False,,
go,e43c90d8825545bfb1052a06051310c3,여자,82,60대+,False,,
go,378a2fce734c4e7d8ec9b9e2e19b7041,여자,71,60대+,False,,
go,8d4505292f96468a82c7cfc5e9235a51,남자,29,20대,False,,
go,249f8893f19445539a3daf20644154a7,남자,27,20대,False,,
go,863a40f6501b4650b1a4ff4aa306d9ad,여자,37,30대,False,,
go,5ba45b849d324976b133cc150a66261b,남자,53,50대,False,,
go,ea63062ddf23417284ba8fc756e52ab6,여자,27,20대,False,,
go,9e39a7d88eaf4bfeb5992f73c0e1ddb1,여자,28,20대,False,,
go,7aeeab80255e4721baa4f04492f487bb,여자,74,60대+,False,,
go,787b6dff16d5404bb520cab7c717adb3,남자,26,20대,False,,
go,b7b1bc536b7d4f2e91a6b2e14b30a3cd,여자,51,50대,False,,
go,2c2738dbae0641019b5de2f21f721e24,여자,49,40대,False,,
go,79b885d3349a4a688c1fe5e626825f95,남자,44,40대,False,,
go,6664fd97b7f04a458ece463af078aa16,남자,55,50대,False,,
go,ba2cd5537b3849c3a3ff2d46a0ee4f64,남자,77,60대+,False,,
go,be47130c1d814f94b905ec0b5863efe7,여자,52,50대,False,,
go,8aaabc11a6064662b928bf0866d3016e,여자,72,60대+,False,,
go,e555bd2eb5c045fbbc9be825b277dfc3,남자,76,60대+,False,,
go,6fb9b50a10a14260886b2ba8fb64c7c8,남자,24,20대,True,17-21,토
go,2200eeea303c4977ac53716e44219ee4,남자,80,60대+,False,,
go,d7daaaa1aaf64b8688a014c16fea33bf,남자,39,30대,True,17-21,금
go,12aa168446fd452aba5c45d01411f287,여자,89,60대+,False,,
go,7ebb530f6f8947458b4552d8c42face1,남자,42,40대,True,11-14,토
go,b1826ff65e8a4b8d80283e46bd7c46a7,남자,57,50대,True,14-17,토
go,ad4e0ca0a8a24262a5073a5bf1bd69a0,남자,34,30대,False,,
go,b770fbfb84834fea9d2639620f44a0df,남자,67,60대+,True,17-21,금
go,36d10d1e43464624b59bd06b41320dfd,남자,66,60대+,False,,
go,723eb646f2b94366b48b3536d98630cf,여자,20,20대,True,11-14,토
go,f4539987b3b14571a0c2216b7191c4d7,여자,33,30대,True,11-14,토
go,6602130799f040b5bc835cd9ec47fffc,남자,63,60대+,True,14-17,토
go,574d1dfe55c74432a69cda0bea69b38c,여자,71,60대+,False,,
go,90a0067584b84259bc74bcc3f6531708,남자,53,50대,True,11-14,토
go,286f39c8785a4c95a2d3cf3dc0ec2a5c,여자,75,60대+,False,,
go,1b6bc2e9e1324782a1df47b6d137594c,여자,61,60대+,True,11-14,토
go,21bd050f00bb4657b976aeec108d6aba,여자,30,30대,True,11-14,토
go,efcf7e3093bf42cbaf84f3b115475cfd,남자,30,30대,True,17-21,화
go,1befe7e7540a4a09bafacfa75d9b6d37,여자,36,30대,True,11-14,토
go,f503e0263db84e2781b2cfe8a29ae8a4,남자,56,50대,True,11-14,토
go,cb72052301f0443b917ee4d24acb3b5b,여자,47,40대,False,,
go,ef993080649a4fb9adbb65b41b6e8a02,여자,58,50대,False,,
go,0e1bb5270b18418680883041401fb689,남자,28,20대,True,21-24,금
go,7b6886a34d94433d88e073f549dcd7c4,남자,53,50대,False,,
go,bbfa3c3107d04bba866c5089cc643369,여자,66,60대+,False,,
go,2c6db209a45741679e0d3f64aa2cb09a,여자,80,60대+,False,,
go,60a8d8b184da4e6e84e0841d29749440,여자,53,50대,False,,
go,360938565d0c49fb8343509fb04c6663,여자,85,60대+,False,,
go,f8cab7794feb44ce8ce0645ad96da1c2,남자,47,40대,False,,
go,3a4bd4a5454d46feb030b470dcc73ba9,여자,71,60대+,False,,
go,169d4da0c8bc4846acc86098b3b94e4c,여자,21,20대,True,11-14,토
go,fb942a9472f7424ea31853b688d2a538,남자,46,40대,False,,
go,efc491eb95974559a2c1b76f1e3621ee,남자,40,40대,False,,
go,8b132bd5dcb24dd2923633f4cc85c904,남자,50,50대,False,,
go,8fc3f42747164993b2711f098df4098f,남자,22,20대,True,14-17,토
go,94419a601ef64fb490fd687b1ca05b0f,남자,21,20대,True,11-14,토
go,70a78d38a1a64f76850a6fc67ca1dbaa,남자,28,20대,False,,
go,60a22ba641b942c281b777a26734741c,여자,49,40대,False,,
go,9106df488787442d9d8612285e86451c,남자,40,40대,True,17-21,토
go,5856cf04a6bf4472bc6cb396bebd8169,여자,31,30대,False,,
go,d39d54740be84664ae96293fefefb91d,여자,26,20대,False,,
go,b3644526e7ff4d028a5cb1a835f535ec,남자,63,60대+,False,,
go,3f5ddbdd2c2c4841b298efd4741c09b9,남자,47,40대,False,,
go,75cc6680340742179e111a730678a7cf,남자,51,50대,False,,
go,2eab454bb1444e4081429d14f54d3adf,여자,23,20대,False,,
go,70d1a5d3045340a983da8eb88f6c89bf,여자,51,50대,False,,
go,2eac1f4261a44a7fbe87f35361e9c5d8,남자,79,60대+,False,,
go,ed12e5a48c5b451fb7ec16c303b46614,여자,76,60대+,False,,
go,1b88a89c87f24bbf9144b8f9fad3edaf,남자,62,60대+,False,,
go,cc7579728cba44eb92572ed915351ecd,남자,37,30대,False,,
go,7e354bdf7b8d4c35a141d9ccada9a12a,남자,73,60대+,False,,
go,fbce57c114314e6abe84a062ac8938ae,남자,40,40대,False,,
go,bee4b9f4d9634d5ebe686c0be8cb9f69,여자,31,30대,True,11-14,토
go,cad2cf5c25b34cd4b5b0c718dc22ecd5,여자,36,30대,False,,
go,113d11ded9c243f4848e24b26fdce473,여자,77,60대+,False,,
go,bf829dad7f8a4259bec0d56ae328575c,여자,68,60대+,False,,
go,622bbaf65bd0408cbea844edc2c75363,남자,31,30대,False,,
go,21b1da6fd70e4c0492968b498b2b88ef,여자,87,60대+,False,,
go,4ae87ada43234123a0c8429f91574d9f,남자,41,40대,False,,
go,89d696c889cf4c6393eadb7d336038b6,여자,63,60대+,False,,
go,b88c60c8168843db8cf9f14fd2062cfe,남자,52,50대,False,,
go,30e47ee31e7041c5a351873e9bb46979,남자,80,60대+,False,,
go,d708f9af2c5b46ddba5b6bde96e8208d,남자,46,40대,False,,
go,bcfd7ebca9574af2bd22b14e38e7630f,여자,42,40대,False,,
go,ad8ca00ed2d3448cb88b7fc15ebae074,남자,29,20대,True,11-14,토
go,ef55e450df194f1b8408135c5cacc2c0,남자,26,20대,True,11-14,토
go,3e8317a58dcf4a84a45634dbcf6dd965,여자,50,50대,False,,
go,03a5e516c106460cab14ee37f6465f1a,여자,30,30대,True,11-14,토
go,5e80ea99dff447b69550dd58c2226b56,남자,56,50대,False,,
go,fa458c2648bd4b94a32cbe5b7ecff160,여자,57,50대,False,,
go,4fe02056b361482391722a722b71acba,남자,81,60대+,False,,
go,cbe41d86cbe44524b3ce2a84282572f9,여자,56,50대,False,,
go,351cba4048cf406296aab5a422ad2895,여자,30,30대,False,,
go,223156639e0d476c9008b8de1874459f,여자,74,60대+,False,,
go,738ee1e8eea1497da40efaffd0b495c0,남자,65,60대+,False,,
go,8b5912a3fd6c43d3893a6057638deff7,여자,65,60대+,False,,
go,b00b576603ab45c7b9e76266f0b8aaa3,남자,36,30대,False,,
go,a87448a73ff14e78a968ac331b0e2d72,여자,65,60대+,False,,
go,80cc2cffb81146c9937cc83ffd5a0628,남자,40,40대,True,21-24,화
go,a4f44e55f3bc4c47ab2552f5b5fbcf2f,남자,54,50대,False,,
go,f0ad17190d324a1484517e84581d8d7e,여자,64,60대+,False,,
go,7ee0faa953b94fac9cadd6cf4b90c2c1,남자,61,60대+,False,,
go,49722a98a28b4f02aed3c25711bdd12e,남자,78,60대+,False,,
go,693d9b5ba73e49eebfcb017e003f42d7,남자,30,30대,False,,
go,7e230e2e27c342eaa8f7da1159337e3c,여자,48,40대,False,,
go,57d09b52a8e54aeda3497aee2c2a3bcf,남자,70,60대+,False,,
go,a1e509ca7afb44858925f8680ea8d250,여자,52,50대,False,,
go,59952736388b459c9b51f9f66efa3820,남자,31,30대,False,,
go,905b1922c69e411e91b738e4c88ae3c4,여자,57,50대,False,,
go,84934918eb61453a82366500914f2e82,여자,19,10대,True,11-14,토
go,4f6f82fc2d834ed4a79cf28c42dc1763,여자,58,50대,False,,
go,025dbabbda0544768b70436fcdc8dabf,남자,46,40대,False,,
go,60284eaf0d4c46f194dd184c9c7f5c29,남자,57,50대,False,,
go,682d2f48ecd943a19e9539174535ff32,남자,49,40대,False,,
go,944a80d11305456d86ae350ac2a026d5,남자,38,30대,False,,
go,2daefd03390a41088dcb6d93695979d9,여자,60,60대+,False,,
go,6233057787e34379a851654fb0164740,여자,56,50대,False,,
go,8f0a513230a9412aab602feac903fd24,남자,72,60대+,False,,
go,4240f68ff7444e99937d864560a4193e,남자,62,60대+,False,,
go,0c147f461fb3425084d96324cde2d070,남자,43,40대,False,,
go,e345dcdd7e0248db8c85bb159aae1617,여자,40,40대,False,,
go,e92818f39daf427fbe59c4dc4c32bebd,여자,47,40대,False,,
go,d37e981284074242ae54eebb53baa051,남자,40,40대,False,,
go,e9bb21f6ad4e4bde943a48d8975e5f29,여자,84,60대+,False,,
go,6f47968a950b4bd3ad58eb6793315253,여자,26,20대,False,,
go,f0dc3ce67bfc4ae8af9931d266093239,남자,69,60대+,False,,
go,7efc1ab8056a462bbc687208458ecb94,남자,31,30대,False,,
go,80e39b45442d4c5eb7a8192746ed6485,여자,47,40대,False,,
go,24db70a3d6144f2db3731d692ab22d6a,남자,28,20대,False,,
go,d909d7b3d2a54559826040eda656aea2,남자,60,60대+,False,,
go,39c283ca34884a658df961438f668e3d,남자,43,40대,False,,
go,b416a5dce8f64a4bbd753b04570e2082,여자,48,40대,False,,
go,dee16ab3b9844953a173f7bd9bd24900,여자,40,40대,False,,
go,5ab374374dfb42bb83f32dc84b4ea468,남자,49,40대,False,,
go,52aa79f33e9a44519d2082ae427d280f,여자,21,20대,False,,
go,8838f4e802bf4543bb56525644b8c380,남자,51,50대,False,,
go,2441bf2683034a7eadece4089c4497ae,여자,81,60대+,False,,
go,ee43f80890b24f28bce490ab9edf8ad3,남자,30,30대,False,,
go,8f81745baaa94887a28aee26b89fc39c,여자,42,40대,False,,
go,38f70a484448494fa5d2731bd0a9dc0f,남자,66,60대+,False,,
go,736dc2ad984d46a894c840f32d84d27c,여자,79,60대+,False,,
go,25f2d65af0bb434686f5e498bd2f3e2b,여자,54,50대,True,17-21,금
go,65a583c005a34f619122eeaee99b41ec,여자,49,40대,True,17-21,토
go,4b124b1c993546e0b42531b1dc8b6dc6,남자,54,50대,True,11-14,토
go,95e74635617c4cec81ed98fbb559f6b1,여자,69,60대+,False,,
go,18cd6952fafe43d1a3c2d5206ac155bf,여자,26,20대,False,,
go,5f114f26fbb84813b11444bc4a525672,여자,49,40대,False,,
go,1a1b6bcccd0a4520bc0c3e237643ec6c,여자,31,30대,False,,
go,817b577fc6574e88b9f72c219fabb4bb,여자,32,30대,False,,
go,8018edd3080f4b18a5a6912a239acb8d,남자,42,40대,False,,
go,d5891f29c6ac45e1884136f7ebaa179f,여자,48,40대,True,14-17,토
go,bd048c25c33044c7b25063f5d778ff7e,여자,45,40대,False,,
go,4ed6f768b5324ada9a4eb34ce2245040,남자,28,20대,False,,
go,a3118ff663544c28803bce7950351ede,남자,43,40대,True,21-24,화
go,b2963e70a6814db6bbc9a79d1c82cded,여자,38,30대,False,,
go,31b08f0679994f489b4cc313ec8adf9b,남자,66,60대+,False,,
go,f7bf65266efd4a079cca6d49b834f8ac,여자,39,30대,False,,
go,4448711ba9a44fa0a288b34ad6798c06,여자,78,60대+,False,,
go,5e1de2bb0eb44569ab60429b341ea061,여자,84,60대+,False,,
go,47ce994ce8f8437694033622b0adc66f,남자,48,40대,False,,
go,94d58a762af743fb916e7d233bbf2027,여자,62,60대+,True,11-14,일
go,a5df7d6a5bff47cf8fca8ea04b009724,여자,26,20대,True,17-21,토
go,346b0b91c5434d9ba0f95c9eac8a2212,남자,32,30대,False,,
go,e7620dbc75ed4642a01409204d50f29e,여자,36,30대,True,14-17,토
go,c345f2918f074d2b9583cdd116a3993e,여자,30,30대,False,,
go,00b02aeb941346958e14ffb544b8703b,여자,44,40대,False,,
go,0c0fcbc2661c4d87984052e3a38dd244,남자,46,40대,False,,
go,7bec5bbf398842cf90a6df0e4e60c41b,남자,70,60대+,False,,
go,60919884c5b8489baad10da1d16bba9e,남자,27,20대,False,,
go,6dfd052b3f8d42738ff271b1def57ecd,남자,70,60대+,False,,
go,ecac2c6fbd6f4a61afc086decd73bb49,남자,65,60대+,False,,
go,6a0fcdd1c8be4030820998c3663a27d7,여자,49,40대,False,,
go,07e5d4d40c7a46e5b40b0b1a2e124ba4,남자,54,50대,False,,
go,49e69085c46843508568aa9c600c24cd,여자,32,30대,False,,
go,38e2f5679e084fa0b2a335562e535996,남자,37,30대,False,,
go,8203175add444e9cadfb4e168e8a46c2,남자,25,20대,False,,
go,3ee1d81574104f8fa35a584a5f5291d7,남자,54,50대,False,,
go,9601a662dbff403db0056adc48a283cd,여자,77,60대+,False,,
go,969c966ea4da4879b6c26ed690b1c26c,남자,53,50대,False,,
go,79772ebb825042db891f66e776216595,여자,30,30대,False,,
go,d62bb237130b4f87a1d40d3457343932,여자,29,20대,False,,
go,b67fc927087a4d8abdca455799e414ba,여자,30,30대,False,,
go,9954ab2a6cb5435abe3b0c4fc61328d0,여자,55,50대,False,,
go,4fae29b0e2f24d64b2f5a40bff00d977,남자,32,30대,False,,
go,bded35e32ebb4feaa1c4901224fd1cda,여자,54,50대,False,,
go,139464100cc6424cb227b29d5460895c,여자,45,40대,False,,
go,76520e4d5eee435d9e76834044d7e700,남자,37,30대,False,,
go,24fcc0b343b34468b3a11b158cb3ca5f,남자,22,20대,False,,
go,adc16ff6bf914ed6a936d8aab08b5478,여자,44,40대,False,,
go,8bae62780f584e6cbc0356a09cabd5b5,남자,63,60대+,False,,
go,aff9838c9dfb474a9c6c0401e8e27568,여자,82,60대+,False,,
go,45735759fac94274864e0f4d4d5e64ae,여자,40,40대,False,,
go,e8b37175534549f5a45bc8bab4289ae5,여자,34,30대,False,,
go,895937bd59fd4baba8e4bbd655a09033,여자,37,30대,False,,
go,9c0315d03d634b1581d07a6b285457ff,남자,41,40대,False,,
go,e801fb6dff8c4df59fe757974c5afbfe,여자,29,20대,False,,
go,0d6a5121a88f4248b0d4c47ef1db478a,여자,32,30대,False,,
go,753f4c1ea46b492c9be74ffd8b5613e4,여자,52,50대,False,,
go,6f94353af64b474bb3d23972556e7ffd,남자,50,50대,False,,
go,0704ed5ed35c488da6d95c287cf67d84,여자,56,50대,False,,
go,7e77240e6cd44f63beef994f4f0dd61f,남자,53,50대,False,,
go,6d49ebd54c91458eabf6b0d9298a404b,여자,44,40대,False,,
go,a33d6db4a0e44ed18745b3524e680648,남자,44,40대,False,,
go,2ea36f8cfa684364baaa7b1160695358,여자,68,60대+,False,,
go,af9d27d5d3274bf78e7c871c830c36f1,여자,36,30대,False,,
go,de7812a56ad245afb2dea6ac30fde2e6,여자,64,60대+,False,,
go,c7d1cc63c7c3412795e3756ee081b7e2,여자,88,60대+,False,,
go,5cc1bf7859614965b8d035bfefa8996c,여자,62,60대+,False,,
go,c6816a2421b14f3b8600047a4f62c226,여자,51,50대,True,14-17,토
go,8a85660b2691414ca5e5ea561e709bec,남자,55,50대,False,,
go,a171b8b7186d467e8377aa1e86ff9f6e,여자,36,30대,False,,
go,733af93109314cf08cfbd2b5a844580a,남자,48,40대,False,,
go,6e12260d03424e36b1cc5674c1fa7f98,남자,28,20대,True,21-24,금
go,b32f62002ad24cc59522ec20b3e47b4f,남자,36,30대,False,,
go,ee5d01c2409a4766b8fe8def2f7bb436,여자,76,60대+,False,,
go,fed6feec3abd49f7ac6ec21591842a1a,여자,71,60대+,False,,
go,bdcb3d2543a84840a4c1062cb9ba7057,남자,22,20대,False,,
go,ac26303c9d0d4811ae913094fcf592df,남자,34,30대,False,,
go,6aaba6200a7542bea8e5c263dee34493,남자,72,60대+,False,,
go,7812aac2e4444d48aaa6d28ac610c15f,남자,43,40대,False,,
go,e429b2f85011488e8b73dc20d584665a,남자,62,60대+,False,,
go,aca36863fe234f6d849b5321aedb546e,여자,52,50대,False,,
go,d847ef7390c543c9966c0accbbf06606,여자,32,30대,False,,
go,ca515997152a41528685fddf4f83097d,남자,28,20대,False,,
go,a875d769b535475fa1c2cbcf0aada5e1,여자,63,60대+,False,,
go,092f4b4c4c4b47789d29054eb3ee5b2c,여자,52,50대,False,,
go,be7c5b30d72346ae8cdbd1992d456180,남자,68,60대+,False,,
go,2d005f8da570419e95e823b0ad624723,여자,28,20대,False,,
go,0434fc952f4d458d8b064f784d430af4,여자,35,30대,False,,
go,9b790f9495114bc9a102dd5a5f86f2e4,여자,43,40대,False,,
go,d720949ee3c4437d8c7f2b0074a130ff,남자,30,30대,False,,
go,233b96d682714eb2899848df139a7a09,여자,41,40대,False,,
go,5842cc932cf84d72838bec7c1c49a269,여자,33,30대,False,,
go,f9ea2736628441628e6faa8262caf4dd,여자,59,50대,False,,
go,8d90a7dfea5d4bd09d2980d72b3bb3f4,남자,60,60대+,False,,
go,9c7f97b57dc949dcbd958ddcb254c85a,남자,60,60대+,False,,
go,585b539e65894fe09da0a403c7c0bc2c,여자,45,40대,False,,
go,8ee6a81fa66d4d17b5c9f5626b695ba6,남자,27,20대,False,,
go,59beebeca0884700948d876923c158bc,남자,28,20대,False,,
go,795cd49dc70849358b6cd0a148448fce,여자,52,50대,False,,
go,ffb998a848804dacb051750e09376b77,여자,48,40대,False,,
