uuid,sex,age,age_group,visit_no_store,time_no_store,visit_with_store,time_with_store,store_code,flip
b10e1aa0f7874983b5b502ea3a49d977,여자,26,20대,False,,False,,,동일
ecd6509823fb49f1838a06f4fc16d43c,남자,32,30대,False,,False,,,동일
edc43842aa454f27a48df0b79f21449b,남자,63,60대+,False,,False,,,동일
a5c96622ca754eb68729a1776bc87c9c,남자,63,60대+,False,,False,,,동일
138fc2a4370f408c8704bc707628a319,남자,46,40대,False,,False,,,동일
37f3b89cf3c84cb49b048d6d570fa59c,여자,76,60대+,False,,False,,,동일
270e0463b48a4cf3a81aa90dfbeb2bb4,남자,30,30대,True,17-21,True,17-21,cafe,동일
7b4ccc73c82348868ea067dd617d62f8,여자,76,60대+,False,,False,,,동일
e0b1d9960c344fdabd422974a82e5d2b,남자,78,60대+,False,,False,,,동일
eb0811448669490e9ebf45f3d6e44ca1,여자,21,20대,False,,False,,,동일
207a84fbf019486eac32e47af216dace,여자,91,60대+,False,,False,,,동일
cb81a609f1e24807bb1d8b12e73b31d0,여자,80,60대+,False,,False,,,동일
e8755fbb2cfc436eb758cafa734c38d1,남자,49,40대,False,,False,,,동일
916fd9dd8f0f445d84661728bcdf973a,남자,63,60대+,False,,False,,,동일
4114e87fd4fe4a30ab605aa874d61539,여자,75,60대+,False,,False,,,동일
4498917d1fa74d259eb9f711ea701c71,남자,70,60대+,False,,False,,,동일
59734bfa6b6f40c1bae9f29bc935481a,남자,53,50대,False,,False,,,동일
3034355a35f84fb5b155fd79d6499e57,남자,41,40대,True,17-21,False,,,Y->N
8cac7f338a6948cabfc575eac95e8228,남자,71,60대+,False,,False,,,동일
d37fe9f5b96f47ef829f09393a82f840,여자,98,60대+,False,,False,,,동일
044b885ddd974dab8434b19c7615011a,여자,73,60대+,False,,False,,,동일
051709377c824312bb68b7b34fc5ae2f,여자,31,30대,False,,False,,,동일
6875922e1de54374a787c71becd27750,여자,38,30대,False,,False,,,동일
a4b78c938c22423b91146b3ffc8915bf,남자,68,60대+,False,,False,,,동일
c0ef9b41c9194e9ea107a6af17174800,여자,42,40대,False,,False,,,동일
b0ff4060c79b4f5c98bf418aeac2702c,여자,69,60대+,False,,False,,,동일
0f6eb4444baf4e5f8c78e27db034069e,남자,33,30대,True,17-21,True,11-14,dept,동일
d9c326681fd743bcb85b8a3d745248e5,여자,82,60대+,False,,False,,,동일
7c3835b7cd9b461e9eca4a5002459b7d,여자,30,30대,True,17-21,True,17-21,dept,동일
3d945d2c1849408cb645d38d03b28e39,여자,80,60대+,False,,False,,,동일
37bddc85fa4244eb99c8fcec85137fde,남자,54,50대,True,17-21,True,11-14,dept,동일
24e45d973b91414898c764f8d9985790,남자,64,60대+,False,,True,11-14,cafe,N->Y
0a71b7714b8547a8baf5c988f26d9770,남자,56,50대,True,17-21,True,11-14,cafe,동일
90fa86ade58a40d8aafb06b736fb80d6,여자,31,30대,False,,False,,,동일
61967eefba5d4097998dcbfbd182adc7,남자,44,40대,False,,False,,,동일
ca6396927d1244bfa7acc705c5b60505,남자,50,50대,False,,False,,,동일
23a7c342cc074b758ebb4cccf1bd93a9,남자,74,60대+,False,,False,,,동일
810a9359ba8e4a39aee3d0aa06d344e4,여자,50,50대,False,,False,,,동일
a51661db431646108c650068138cb5dd,남자,59,50대,True,17-21,True,11-14,dept,동일
debb5f8493084f35b866e0416cfe3ac1,남자,24,20대,True,14-17,False,,,Y->N
c82fb4d170a5438481a05cb059536376,남자,72,60대+,False,,False,,,동일
a8d5f0d7989b41eeaa557b6f2798dcd4,여자,26,20대,False,,False,,,동일
0e20b1b4b58043e18d057fdda2fdc7f2,남자,47,40대,True,17-21,True,14-17,cafe,동일
f0f578b7203548eb89fff60bf3dc417f,남자,92,60대+,False,,False,,,동일
6e3a4fa9cb2d4d5cab058fa9a39d8d76,여자,50,50대,False,,False,,,동일
fab23f8dbd1a40a5ba29cd1f7284694d,여자,84,60대+,False,,False,,,동일
86629d28568d4e70a0f2772a6b6602c6,남자,34,30대,False,,False,,,동일
c63a0cb0622a4a55b9cda9f22312feb6,남자,43,40대,False,,False,,,동일
38ea2406bed14490a289b8ff9f13276d,여자,21,20대,True,17-21,False,,,Y->N
df5ef367b78142a5995a3d466ec9faeb,남자,59,50대,True,17-21,True,11-14,dept,동일
2665e0207b4e429f8fea63f3fd9e20ca,남자,29,20대,True,17-21,True,17-21,cafe,동일
ddfd557661cb43ada11ec58eca73e471,남자,37,30대,False,,False,,,동일
f6f4cae383fa4205a5fbc260905dc208,남자,33,30대,False,,False,,,동일
c45f58aeb55a40b884e780ea2fe201fd,남자,71,60대+,False,,False,,,동일
08e0ecab7f914e8298d6cefa8df809f9,남자,66,60대+,False,,False,,,동일
75bb2c1538654eef9ba740ec091f1127,남자,76,60대+,False,,True,14-17,dept,N->Y
5773d3ea46cd46cfaca41067f1e6a3ce,여자,48,40대,False,,False,,,동일
232b63bbd82d4bf7b399d7a8970a853b,남자,29,20대,True,17-21,True,17-21,dept,동일
5ccfb7849a1d4552862c6a1f17b53ca1,여자,25,20대,False,,False,,,동일
9326e815b1084c92afe6b8069a8fccdd,남자,42,40대,False,,False,,,동일
1796c6f21efd4a7abbe897f18b379b04,남자,66,60대+,False,,True,11-14,mart,N->Y
33ee41948eda41ef8ed91d8c82a20b72,남자,75,60대+,False,,False,,,동일
901691da223a4b80b39238bd44dfee3f,남자,33,30대,False,,False,,,동일
59f186647bba48a0adb4019876d6f990,여자,56,50대,False,,False,,,동일
ff685ea5e9a140109ba42eec3036246f,남자,74,60대+,False,,False,,,동일
e132e80bc50140fabe5ee4e5d478feee,여자,23,20대,True,17-21,True,17-21,cafe,동일
759b2d299e37468783d0da31e2efe805,남자,40,40대,False,,False,,,동일
6b7a6b4e78184308a49f8d12f95ab831,여자,40,40대,False,,False,,,동일
4bdaf8f4f26948dc83f24d56c92d9ce6,여자,64,60대+,False,,False,,,동일
dedff7e82ec845a584444492cf94188e,여자,65,60대+,False,,False,,,동일
824f1a2b46514c108349558274ef4bfe,남자,41,40대,False,,False,,,동일
640f49553c4a46f296ac66702f6f4754,남자,26,20대,False,,False,,,동일
ad49663d4ce942b5be84a6e886b397fa,여자,26,20대,False,,False,,,동일
7ee7468278e246328269519b8113de65,남자,38,30대,False,,False,,,동일
2c6e922802954824af223833caf9097a,여자,47,40대,False,,False,,,동일
3db6396d2af14ca589210597eeedad1a,남자,59,50대,False,,False,,,동일
1f2955b419c44bb1a62cf6bf60adb3b4,남자,45,40대,False,,False,,,동일
0268d1d18a944e7db7ce9ac03b36e891,남자,20,20대,True,17-21,True,17-21,cafe,동일
d9464dae827c40ee89fb8aa29fbd0231,남자,49,40대,False,,False,,,동일
30a002a4b9a84226bec59297449f5da2,여자,82,60대+,False,,False,,,동일
8bae62780f584e6cbc0356a09cabd5b5,남자,63,60대+,True,17-21,False,,,Y->N
9ef8a68db01a4d67b58ea16bbf4af608,남자,37,30대,True,11-14,True,11-14,dept,동일
67b23788a1444a48a3cfe1c076128612,여자,26,20대,False,,False,,,동일
46a006787f79417198fdb742236a4eab,남자,30,30대,False,,False,,,동일
12fab273bf4047c1ab9aa83b23bf7300,남자,58,50대,False,,False,,,동일
8d75283d088744c4b37d422865e80995,여자,28,20대,False,,False,,,동일
1925c9947a244ea1a1f18359bdc163b3,남자,41,40대,False,,False,,,동일
a3ff6c8847cb4552af8ad8dee24795d2,남자,31,30대,True,11-14,True,11-14,dept,동일
a41b9a2965d947c6af7b89391e657cf0,남자,36,30대,False,,False,,,동일
8b0590695dc94fb394a23cdc4b5cb84d,남자,42,40대,True,17-21,True,14-17,cvs,동일
a93752f9a3fd4679a4970e87f36135b4,여자,60,60대+,False,,False,,,동일
b934515484d14263888626ee75cf5400,남자,56,50대,False,,False,,,동일
f96aff6d709b444686cd07eb8b0b05ce,남자,21,20대,False,,False,,,동일
5e66a843c98b4a08a8b983290de84943,남자,71,60대+,False,,False,,,동일
a3f73f4a75ca436a91a9169300b58e9d,남자,45,40대,True,17-21,False,,,Y->N
6f9973d3dfa9432595cbda55b9414794,남자,71,60대+,False,,False,,,동일
382d8554d6f04b27b3357e242245d70a,남자,53,50대,False,,False,,,동일
124928a877444e989df1ae4aae7db6ad,여자,26,20대,False,,False,,,동일
a488d18808b04c4e9ce56d8bf6a83d14,남자,22,20대,True,11-14,False,,,Y->N
3d6be2618da14baeb151c9600df5173f,남자,34,30대,False,,False,,,동일
0f8e8da7b6f442c186a6176d730331a7,여자,57,50대,False,,False,,,동일
c382323e87e3463ea88b391463cc3268,남자,50,50대,False,,False,,,동일
e93315bff55843638efa82b424a6a777,여자,34,30대,True,17-21,True,17-21,cafe,동일
9a444026d28248b99c98ca380716212c,여자,52,50대,False,,False,,,동일
cb1c2d5d24454c70bbadd793e926108e,여자,83,60대+,False,,False,,,동일
3818b869f9374794b94c720709654e7c,남자,44,40대,False,,False,,,동일
3d448be8c1664935bb9ec5188c2fef82,남자,52,50대,False,,False,,,동일
19349a9357cf4c7abf33b415806ae8fe,남자,75,60대+,False,,False,,,동일
1d62308fd9ff4d36ac6a20b93d18b859,남자,61,60대+,False,,False,,,동일
e05b166599234613b75af975a80ec62f,여자,85,60대+,False,,False,,,동일
91307bc71fab4177aac98dd308548111,여자,66,60대+,False,,False,,,동일
3667b25b0a7d47a69e1284de01a3d6e8,남자,50,50대,True,17-21,True,17-21,cafe,동일
f0ca7a570c204566835307108350319c,남자,36,30대,False,,False,,,동일
e46c281a90194adab7603577d2380784,남자,92,60대+,False,,False,,,동일
a417a640b3f34039993b472c1cdb70d9,남자,50,50대,False,,False,,,동일
b89a074d0a604280a8f57f4887aa41e0,여자,29,20대,True,11-14,False,,,Y->N
62d18fee6e334944ad924a4f410e5fa1,남자,47,40대,False,,False,,,동일
22cc451bab27426fa293e5e2f08070ca,여자,55,50대,False,,False,,,동일
44696f0a352e42dbb38e4de99bd23ff6,여자,50,50대,False,,False,,,동일
2938b25dfeee482e9acb0802591fa77c,여자,62,60대+,False,,False,,,동일
c1952111472042168c69ec04896dcee3,남자,26,20대,False,,False,,,동일
85a57169d0194da3b73f49adf92c716c,남자,70,60대+,False,,False,,,동일
0ec478ecec3048b2b92d6483df6b0584,여자,50,50대,False,,False,,,동일
4f88064695cb4c47bb2997436b820dd6,여자,45,40대,False,,False,,,동일
4b259c3a284744f296428edd916951e7,여자,67,60대+,False,,False,,,동일
743b9d25c790451a904268ca4c4724a2,남자,45,40대,False,,False,,,동일
a32f4ce8ed564d4cb1ba5bbd3ed7358b,여자,53,50대,False,,False,,,동일
c49b22ad8a5d4c3ca3425885442af405,남자,49,40대,False,,True,11-14,dept,N->Y
b7a9df1fbc084be2a2c6231ccc5627e9,남자,73,60대+,False,,False,,,동일
0b7cda72c77d414db5ff19dafc1490b0,남자,59,50대,False,,True,21-24,cafe,N->Y
d99d37fe6cd14f638e1da8694f2d3495,여자,27,20대,True,17-21,True,11-14,cafe,동일
f692e8cd5b6e4ae2983957285d6c9534,남자,45,40대,False,,False,,,동일
443bb4c0f5e64988b1f9d956e1525fe4,남자,20,20대,False,,True,17-21,dept,N->Y
c1d67179b4b644dc991df6c1b87b07aa,여자,57,50대,False,,False,,,동일
a736b66d2a5543dfadb4b620423048ec,남자,75,60대+,False,,False,,,동일
3f5154fc259f4677ad82ded665379001,남자,27,20대,True,14-17,True,14-17,cafe,동일
04fe4bf223ed44f58fcc72ce337b6041,남자,23,20대,True,17-21,True,11-14,cafe,동일
d91313342cbb4ec5a3ec1d0f39d917e7,여자,63,60대+,False,,False,,,동일
2d6a6f80a4b04bf9860bb8a27d0d6b9d,남자,61,60대+,False,,False,,,동일
8767a9b3e5634de48efcbae136d67c26,남자,84,60대+,False,,False,,,동일
b803da37f08d4ed99d1348948531f0f1,남자,41,40대,False,,False,,,동일
58f1c09e1b144341bb8dfe114c3eb825,여자,54,50대,False,,True,17-21,dept,N->Y
d6b13742cdfc4e459c16ce04e77e5ed9,여자,30,30대,False,,False,,,동일
dabbe87c1758449d95e30da940cd62dd,여자,62,60대+,False,,True,14-17,dept,N->Y
18aa04d9288d42ad8d339085dc294a28,남자,43,40대,False,,False,,,동일
db8dc3ea205e42f5b22d327949fae4bb,남자,57,50대,False,,False,,,동일
e69d78dea66f4898b20d5137be41651c,남자,23,20대,False,,False,,,동일
e6510b4e05d94650ae256efd7577debb,남자,65,60대+,False,,False,,,동일
7854a83498774acfac2d91d93efa32fb,남자,21,20대,False,,False,,,동일
1b4f3ca37bca44ea9bf2a4f38e41adc9,남자,56,50대,False,,False,,,동일
dc475b1cdd0b42acba9a9b3476505440,남자,70,60대+,False,,False,,,동일
9895ded630304cdea567a72fddb302b5,남자,55,50대,False,,False,,,동일
827d30a621a74e12857b41dd13a9555d,남자,34,30대,False,,False,,,동일
a3aedafa077f400bbe9427e5c2a7f54a,여자,55,50대,False,,False,,,동일
b4cc368f0e4644be9a43ba555722e55b,남자,53,50대,False,,False,,,동일
f2e3917990fd4786818d29f3271617d6,여자,54,50대,False,,False,,,동일
7eb7f83c9f2348dabce8ba2484a1365d,남자,35,30대,False,,False,,,동일
e3f17ccf1f8348ed8bd882b5d7c66816,남자,50,50대,False,,False,,,동일
b1054efc8684488281874a6456bd2e55,여자,26,20대,False,,False,,,동일
07897ff6af004fdcad0fa6c2bd40a810,남자,44,40대,False,,False,,,동일
70208b5b60034c5986ba532d254ef2be,남자,46,40대,False,,False,,,동일
e125fb8cddbf4e7b9586b58550117b0d,여자,42,40대,False,,False,,,동일
4d77b869468c47acab22fb417593f1aa,남자,50,50대,False,,False,,,동일
39ab96e6f53a4c8f9bb423314057c4dc,남자,61,60대+,False,,False,,,동일
32775a9c69414f2c88d7784f48c207a1,여자,73,60대+,False,,False,,,동일
c646c7ea39a04a0187aabe8787c7610f,남자,45,40대,False,,False,,,동일
d6e83e00196e41d9b60f65a4aad4a191,여자,27,20대,False,,False,,,동일
053dab9048bb4458814c8cf7750fb888,여자,60,60대+,False,,False,,,동일
572f1dfb890f420090914ed1da02f5c3,여자,55,50대,False,,False,,,동일
a9a79d23111447e58768a8a231a0c34e,여자,45,40대,False,,False,,,동일
5b24aa517b2d4825950ae6651c561c59,남자,61,60대+,False,,False,,,동일
85b62a8310d64c5f823af2342d7566ff,남자,69,60대+,False,,False,,,동일
1db4a98a87c44b0da842371cddde4581,남자,29,20대,True,17-21,True,17-21,cafe,동일
fb248c8b0ff24902b673ba5bea48bc50,남자,64,60대+,False,,False,,,동일
4d8ffc3e941b49bd99c6986c75c821f5,여자,71,60대+,False,,False,,,동일
335a40af727e4b599ac7f43e45b75c04,여자,71,60대+,False,,False,,,동일
93bae386c35f49989bf78eb7910c2d21,남자,53,50대,False,,True,14-17,dept,N->Y
3b009081c8fa4c14acf83e35ab02ba0c,여자,21,20대,True,14-17,False,,,Y->N
6e762c72067d4a27900145c18a736c8b,남자,39,30대,False,,False,,,동일
3824dcd9690f4d6c943e02ee2a35ed43,여자,20,20대,True,11-14,True,17-21,cafe,동일
3b33d85960de4823a4955a368dbb9da1,남자,41,40대,False,,False,,,동일
6a12fb9d9a7d4789986ee499ffffffde,여자,34,30대,False,,False,,,동일
54bcf0d70b4a4deebdb0ff3c01a531c6,여자,46,40대,True,17-21,True,21-24,cafe,동일
6f4d29be70da4369882a5be99335ab88,여자,72,60대+,False,,False,,,동일
8b32fda5937b4878ac2283d64cac79d2,남자,75,60대+,False,,False,,,동일
8696b738766b4f25a0717b1ff7bebeca,남자,66,60대+,False,,False,,,동일
7ea5a01fe08e43e8b3f2965048c1cb00,여자,60,60대+,False,,False,,,동일
f6eb7ed6740043b59c1852542c9f9736,남자,68,60대+,False,,False,,,동일
e4b4bf15f49549be9f5ed4d614138aaf,여자,37,30대,False,,False,,,동일
60227d5b4c4a4c51af4893b774e8afd3,남자,78,60대+,False,,False,,,동일
82256b2fe5ca4cf59ad4b05914d901cb,남자,46,40대,False,,True,17-21,dept,N->Y
9ab1ba631d8f45b58debdcf8f7a5d9a6,남자,73,60대+,False,,False,,,동일
19300d66e62549d2a1c48de9f6f6dffa,남자,83,60대+,False,,False,,,동일
c7f00b8505284e6188da9cd44f57f3a3,남자,44,40대,False,,False,,,동일
1ab29e47f0164497a080d90485af09a5,여자,35,30대,True,17-21,True,14-17,dept,동일
4c5fb209c6df4097a0985b4bb5366ddf,남자,59,50대,False,,False,,,동일
c55cdee8f92f4231bca6f5849856465d,남자,34,30대,True,17-21,True,17-21,dept,동일
7879e2d8c45c454a816e54163d33520d,남자,42,40대,True,17-21,True,14-17,dept,동일
3f1a328f14a740029ad7b353b9193f67,남자,63,60대+,True,14-17,False,,,Y->N
a2f7012e74154ba7845e748a0f0ea534,여자,56,50대,False,,False,,,동일
b6c3180ef99143a8b2e2fad83166f2f3,여자,35,30대,False,,False,,,동일
5b1e6cdd6c20446fa98b6e0e2b47bacf,여자,69,60대+,False,,False,,,동일
4ce213533cac447189fbfc90566eaae4,여자,20,20대,False,,False,,,동일
e869c836e5674d54b723fd9dbcdd40b0,남자,60,60대+,False,,False,,,동일
e064cc6cc593456a845fbdf0c1a1f0b3,여자,56,50대,False,,False,,,동일
8dcca82b9d1c4e388eeddfce34252156,여자,69,60대+,False,,False,,,동일
abda96e673e2474ea7bc88df97a2cda0,여자,39,30대,False,,False,,,동일
81c47da937484f62a496f2ee51016f42,남자,26,20대,True,17-21,True,11-14,dept,동일
d75742def24340be8b1f1f20a740c42e,남자,83,60대+,False,,False,,,동일
17ee7da5e9374ece84e98c1640df0e16,여자,59,50대,False,,False,,,동일
0061f2985b8f4e72a703117b9fd56d79,여자,43,40대,True,11-14,True,17-21,dept,동일
24bdfd5828a34bd3b870c9a9feabe4ac,여자,84,60대+,False,,False,,,동일
4450df6b273040b29d49b39c942f7d8f,남자,32,30대,False,,False,,,동일
2ad15b3aef6448da9d1616079f6de58a,여자,54,50대,False,,False,,,동일
38f4d13155bb42558a6f559bc14c6784,여자,43,40대,False,,False,,,동일
73ce14544d9249929db70dda778d2600,여자,25,20대,False,,False,,,동일
2efba969d09c48e1adef119ba15efda9,여자,61,60대+,False,,False,,,동일
ae9bfd409f7f4be39cb861034de0aca3,남자,53,50대,False,,False,,,동일
0f040af557de4c26be4830f62f2387c8,여자,63,60대+,False,,False,,,동일
9e039ea350314a32a9baf73064ee21f2,남자,57,50대,False,,False,,,동일
bab4bc1cbbc642daa2f1278d11186eb7,남자,62,60대+,False,,False,,,동일
c43cf972d60f456f942cb8f31b8abeda,남자,55,50대,True,00-06,False,,,Y->N
da68fe23803b4866b2ee2b104ded8e16,여자,69,60대+,False,,False,,,동일
e771d6da58184735a7ca225e084da8d6,여자,42,40대,False,,False,,,동일
d7420e126e944e5986470be13d737639,여자,27,20대,False,,False,,,동일
814f0859b71f453ebaf0bf6755eb9066,남자,49,40대,False,,False,,,동일
53bc64d156984280a52339961b78a212,남자,51,50대,False,,True,11-14,dept,N->Y
42e3095cf1f24da6b2c747860e0c26ff,여자,48,40대,False,,False,,,동일
c8b347856d0f40559f8869743a92201c,남자,52,50대,False,,False,,,동일
a77e4e381eeb495f937bb1658294c5e0,여자,39,30대,True,17-21,True,17-21,cafe,동일
fd6c1bdfdbde444ca93feb50d616117c,여자,75,60대+,False,,False,,,동일
fe266898fb1d40bc867e9dff14bb0af0,남자,72,60대+,False,,False,,,동일
8eb6ade389ed4e728ca04d0d71e62bbe,남자,68,60대+,False,,False,,,동일
323dcdd113184801814d9accb3cb41bb,남자,47,40대,True,17-21,True,17-21,dept,동일
4f13a7e873574b5ca2b7199829187f01,여자,41,40대,False,,False,,,동일
4808f2798ae14a42a131cdd3908327d9,여자,26,20대,False,,False,,,동일
e77acc21394748538827850ece7926bf,여자,23,20대,False,,False,,,동일
50608818063e49abbb332a44c2c7d1b4,남자,20,20대,True,11-14,False,,,Y->N
61fdbc76b0db4280a9f038fe16e4f8e6,남자,43,40대,False,,False,,,동일
85e9a3dfa4cf480b8dec31dca589c463,남자,45,40대,False,,True,14-17,cafe,N->Y
1ed07b1ed28a4b429f4e7104edce44ab,남자,46,40대,False,,False,,,동일
6742e4ef5ae74cae938fdebdb3ae979f,남자,56,50대,False,,False,,,동일
7cec896ec4d443e79039aea658df4d8f,여자,53,50대,False,,False,,,동일
08a34ef42a7a482990cd392fab29dd28,여자,35,30대,False,,False,,,동일
c5f297fdf95b4b8fb2e58c1937c82415,남자,45,40대,True,17-21,False,,,Y->N
00d3bc3d101042ef8d5c584395161705,여자,52,50대,False,,False,,,동일
1fa04885e3cc4cddaac4ac126f515d4c,여자,25,20대,False,,False,,,동일
8c3f5e20af8f44d8b1ccc80ef312d80a,여자,43,40대,False,,False,,,동일
34029dc9c1f74992b42d97be17d29537,여자,45,40대,False,,False,,,동일
1c85730ca6cb4f6591d219f3876ee09c,여자,64,60대+,False,,False,,,동일
b774f9fd2c574b9dad3add3564dfda84,남자,58,50대,False,,False,,,동일
6da75cbd23ac4821b677a7fb75b7dde4,남자,59,50대,False,,False,,,동일
0cae5758d5dd4a91aac3eeafd6c42390,여자,49,40대,False,,True,11-14,dept,N->Y
0b905e7c310f4280ba27dd16c6b696f6,남자,20,20대,False,,True,17-21,cafe,N->Y
e1beaf165c15456f89c3aee621600a6c,여자,64,60대+,False,,False,,,동일
0cdb82c0a0bc45d38f7cf3cb3260112d,남자,52,50대,False,,False,,,동일
e96150fee9fd48aba8ad6ada317631d0,여자,47,40대,False,,False,,,동일
c674c1b7a944467ca18af15bd68f29b3,남자,32,30대,True,17-21,True,14-17,dept,동일
f350fd286603443e9da861d514a3b0dd,남자,71,60대+,False,,False,,,동일
f3ce69a895b14ae59b77652e6d902866,여자,72,60대+,False,,False,,,동일
71d4f42482084ef1aa955697a8e40dc2,여자,54,50대,False,,False,,,동일
dcbc1d3e7224472b8bd45452883cbe03,여자,65,60대+,False,,False,,,동일
4584095cb8bb4f238e2d3ceb22c36882,남자,87,60대+,False,,False,,,동일
e83ed936b94146f29b6572a005a7dedc,여자,78,60대+,False,,False,,,동일
de9d1374bc31481eb13339ec91a53904,남자,28,20대,False,,True,14-17,dept,N->Y
d577f1c37b3e47d0bd712043172c9bf0,남자,75,60대+,False,,False,,,동일
53e59cb5a17749ef9ba8cee58a2d0288,남자,21,20대,False,,True,14-17,dept,N->Y
eba7ea0ca8954834a1d09462b9c28b56,남자,46,40대,False,,False,,,동일
219c576b638f4fb3920e343e53e8813f,여자,27,20대,False,,False,,,동일
67124e0cb6a5447e9bd11c6f5dcbf608,남자,65,60대+,False,,False,,,동일
060285231169484b985e9c046fcc8484,남자,38,30대,False,,False,,,동일
7c7541d22a814eec92487288c4475750,남자,41,40대,False,,False,,,동일
8910ee3c0f3d45a1bfa95153277cc5b5,여자,83,60대+,False,,False,,,동일
739699385ef945e9b3bd9e9f0b093e6b,여자,59,50대,False,,False,,,동일
2529569dcfd9438e87351946f6dd5657,남자,42,40대,False,,False,,,동일
b110295146a041a692b9788904ee53de,여자,59,50대,False,,True,14-17,cafe,N->Y
e811c26f00fa480bad273936db55b78c,여자,63,60대+,False,,False,,,동일
6f2a795c31b0402b93375d3b25e33bc1,남자,35,30대,False,,False,,,동일
1ae0aae092a74426aa6ea66492fa434d,여자,52,50대,False,,False,,,동일
22dda2a58e7b4597af728dc28a8bb7b7,여자,74,60대+,True,11-14,True,11-14,dept,동일
adece242ec83435f9b1410a65b721bb0,여자,43,40대,False,,False,,,동일
39218cb3496847b6b5e234c170543493,남자,39,30대,False,,False,,,동일
5187cf33e40e4d948d14ecafc4706867,남자,28,20대,False,,True,11-14,dept,N->Y
cfd63aab951d4bb798fe2368ec49443a,남자,41,40대,False,,False,,,동일
c579f631b8ab4f618a2bf4c299c98882,여자,51,50대,False,,True,14-17,dept,N->Y
348da20bd7e449a0aa8a0d117acf9c73,남자,23,20대,True,11-14,True,17-21,dept,동일
613b4909297a446da19667d0e67b629e,여자,28,20대,False,,False,,,동일
fa566343b14540f18b3b5bdb476439d2,남자,83,60대+,False,,False,,,동일
7b9ad0a3609a420e9d9cd4b8500101e7,여자,36,30대,False,,False,,,동일
5b2862229520438796b9cc817cebbdb9,남자,50,50대,False,,False,,,동일
56cde4183d3d41bebb8274cf864a3379,여자,43,40대,False,,True,17-21,cafe,N->Y
4407432e0a26453681a521b69734e342,남자,21,20대,False,,False,,,동일
c42acbfae4f6473d9a325398b3fad1ac,여자,58,50대,False,,False,,,동일
0bc0e97d54374ef19d93118b217465a3,남자,33,30대,False,,False,,,동일
b9d2fec3155a426a88c9f3afa780958b,여자,33,30대,False,,False,,,동일
bfd84e35e83641768b2971041540745d,남자,61,60대+,False,,False,,,동일
60d8d36343e1465eb5692274826b00d4,여자,63,60대+,False,,True,11-14,dept,N->Y
0c911d69e22a45fcbae1c6d75c40fc79,남자,38,30대,False,,False,,,동일
c8f1458d44cb40c487c293170bb641d2,여자,19,10대,False,,False,,,동일
dd379d62dd6b4bfab1567a3ef6bd095b,남자,51,50대,False,,False,,,동일
a03a0559a42e41428beeb1a2e517a8b4,여자,40,40대,False,,True,11-14,dept,N->Y
c293129063634054a67ea9b358813787,여자,68,60대+,False,,False,,,동일
c679fba40a9940248a2d88acfcf68420,여자,31,30대,True,11-14,True,14-17,cvs,동일
88445450cc3b45d0be7cd94f7a51b287,남자,65,60대+,False,,False,,,동일
2b389a70c7c14e95a142692c87617b26,여자,45,40대,False,,False,,,동일
919e1fca5ad94e5f8ff0b93dddb4ab0c,남자,28,20대,False,,False,,,동일
1fdd23cba97047ad8ffef98dc7d597e7,여자,59,50대,False,,False,,,동일
93803374b65b47beb27ca515e82e5c24,남자,62,60대+,False,,False,,,동일
cf0873a2cb244d489254c71ccb392bc3,남자,33,30대,False,,False,,,동일
cac1f0eb698b4f23ac1cc38ae17f7c0a,남자,32,30대,False,,False,,,동일
8a58077274064696827c6eb1a97eaa0c,여자,56,50대,False,,False,,,동일
da1523a34d854741a61d121b514bb895,남자,67,60대+,False,,False,,,동일
6791af7908b74405b46cd1ec0c54caf1,남자,74,60대+,False,,False,,,동일
6dacfd6ae2ef4192b7192ad62b9d84a1,여자,44,40대,False,,False,,,동일
ebf422c8ae7749508ce7bcfe879b59e7,남자,78,60대+,False,,False,,,동일
39be21596155419b973f38608b917ecd,여자,69,60대+,False,,False,,,동일
31ab6f6c7f8149d1a94ab49561e991ff,남자,48,40대,True,21-24,True,17-21,cafe,동일
e1d412bda6c446bc9b05d35d353eba19,남자,60,60대+,False,,False,,,동일
d365c0fdbbdf431fadcb59eee41ab9d5,남자,51,50대,False,,False,,,동일
e1a27db888764dbfa4c7f81bb5f26b4e,남자,23,20대,False,,False,,,동일
9bc1d2f3b7ce44378a10fd7bb15bf435,남자,67,60대+,False,,False,,,동일
46f4c32ddadc4785b1a891d0a17a85d1,남자,72,60대+,False,,False,,,동일
b7803d55233d442bacf11e15a063e548,남자,49,40대,False,,False,,,동일
f17a502f8fe4491885e902c7c1c66406,남자,61,60대+,False,,False,,,동일
2b2b84ae323e452191332a8a46f22893,여자,52,50대,False,,True,11-14,dept,N->Y
50cf8b38c1544c7cb96c5e687b79eae2,여자,42,40대,False,,False,,,동일
35facc6f84514cd0a94c6ea21249c125,남자,42,40대,False,,True,11-14,dept,N->Y
b1ac67438f0d48458661697233661b93,여자,35,30대,False,,False,,,동일
57411a587c1a4ebfa88ca21e24c01b8b,여자,29,20대,True,17-21,True,14-17,cafe,동일
7220df6d286e40979331a8d7ec79ca46,남자,28,20대,False,,False,,,동일
531b062fb59240e79593c0c3b5b37488,여자,46,40대,False,,False,,,동일
88df62985b964e04944692c32a83a5ed,남자,49,40대,False,,True,21-24,mart,N->Y
e0249b72480a4292b53f6304a9838043,여자,76,60대+,False,,False,,,동일
a4f259a892c0414c929da287469bef96,여자,52,50대,False,,True,11-14,dept,N->Y
92ace1efd1de4d14b85718e8a3963a0e,남자,35,30대,False,,True,00-06,mart,N->Y
4b49b8a95ea6423f87ae95f034b95ad3,여자,35,30대,False,,False,,,동일
eb399ad38b81418ea243668753d60c67,여자,28,20대,False,,False,,,동일
4d647d1a2173450f9e39518ba2845edc,여자,67,60대+,False,,False,,,동일
b610c0b4f5064dbbbe4b84594b2aad8c,남자,55,50대,False,,False,,,동일
27d7d1171af94f31bcae0ecb1c40d611,여자,25,20대,False,,False,,,동일
4e0919fc04fe495897153592ebdb68e8,여자,75,60대+,False,,False,,,동일
3a158dbff9af4790bfaa898c69d86b11,여자,79,60대+,False,,False,,,동일
2087b26e6e944e7d8cebc35154c8faf9,여자,68,60대+,False,,False,,,동일
89b53d60e9dc4f329f028626e8a46d5c,여자,42,40대,False,,True,17-21,hotel,N->Y
dbdbdc3203234b80acbe4563bf59572f,여자,69,60대+,False,,False,,,동일
5a163988481c458185f0de466304ca4e,남자,54,50대,False,,False,,,동일
459b1d4ff5ae47b98129c0b3f652303f,여자,54,50대,True,14-17,True,14-17,dept,동일
bb7cc650504b4b739d657f0e2f77227a,남자,52,50대,False,,False,,,동일
c9f046bc26a542c0946ebdecbd4e21a8,여자,60,60대+,False,,False,,,동일
cb56091817264fcdacb17dc4e63859b2,남자,74,60대+,False,,False,,,동일
8535054c380249d4bfcc6c39a9d048d4,여자,39,30대,False,,False,,,동일
345d3324450f4156ad6f400fed9591bc,남자,90,60대+,False,,False,,,동일
1933885e303b4476ab3cc78f4c13f915,여자,25,20대,True,17-21,True,14-17,dept,동일
4941a0db5de349de94ce342ecd349bbe,남자,35,30대,True,17-21,False,,,Y->N
86c6d51ab5f14339856b2f643df63003,여자,20,20대,True,11-14,False,,,Y->N
de1eb2e0f7ce4fbf8b4aff10cd85ab7a,남자,73,60대+,False,,False,,,동일
6944079a606e4aec906634cac96e79c6,여자,56,50대,False,,False,,,동일
40714be04c224987a07b377703f6e526,여자,64,60대+,False,,False,,,동일
06c89b0e4f7d4820ad977090619ceedc,여자,79,60대+,False,,False,,,동일
44b18453ed1f4b809bab220cd54240f4,남자,44,40대,True,17-21,False,,,Y->N
7f721b0329554b329a8bb3e2f0f847f8,여자,24,20대,True,14-17,True,14-17,cafe,동일
c19aa4697e86411b9da0ce7b696da1a2,남자,84,60대+,False,,False,,,동일
ad85994b0086436c9d521268d6bf133b,남자,47,40대,False,,False,,,동일
8ef8f6e6cac941a6960e596fc1077835,남자,24,20대,False,,False,,,동일
fb14e4c768c24b3ba68c8c184a7f577b,남자,30,30대,True,11-14,False,,,Y->N
c0b5d027f1e742059ea4a83524b0f37c,남자,59,50대,False,,True,17-21,cafe,N->Y
fe76ff83e15f4fc489d63568f2b0af85,남자,32,30대,False,,False,,,동일
aede102ec7ef459688670fa0ccc18ab0,남자,50,50대,False,,False,,,동일
7f8b0cb19e8a42b38684c424df398bf7,남자,73,60대+,False,,True,11-14,cafe,N->Y
1f10b5bcac474b9891877f242face599,여자,26,20대,True,14-17,False,,,Y->N
803f0fb32318440cbac062fc929fa828,여자,52,50대,True,11-14,True,11-14,dept,동일
68c4480a37f740d19b1ada49c849eda1,남자,44,40대,False,,False,,,동일
bc0e1f0e8d744dee891823b018364c8a,남자,53,50대,True,11-14,False,,,Y->N
b262a11b9bc147468f5db1ad1cad2f37,여자,76,60대+,False,,False,,,동일
e4a5630c6ae44bc8beaf765ec9dd8099,여자,69,60대+,False,,False,,,동일
fc2d1bab20e44aa8b550fd0565f3ded9,남자,40,40대,False,,False,,,동일
4e1c70bd3f814d67a7773f5e7260c65c,여자,50,50대,False,,False,,,동일
6e214932eb694bdfb9f2de532b24c1c4,여자,74,60대+,False,,False,,,동일
81f4ba0fb8bf42c9804e83c4336e751b,남자,67,60대+,False,,False,,,동일
7fe0c05456c6430ea296ee6534cc044a,남자,29,20대,True,17-21,True,11-14,dept,동일
0beb5485abc44ffb919b48de0d93d054,여자,54,50대,False,,False,,,동일
4bdeab784deb4727bfc2a5b34d1094aa,여자,24,20대,True,14-17,False,,,Y->N
2d95faaa57674a80b6c3e173b7904472,여자,30,30대,True,17-21,True,17-21,cafe,동일
5a10f3f994c848429ad70f80e999beca,여자,38,30대,False,,False,,,동일
7f38f7a269a14bc8be0399ca599bcbed,여자,63,60대+,True,17-21,False,,,Y->N
8e52d587ce09474ebb42be0e0b3b889d,남자,54,50대,False,,False,,,동일
d4195d2909054c1bad88fbe67ae376bb,여자,38,30대,False,,False,,,동일
db53474d22b44791b7f6c654343c9fd6,남자,79,60대+,False,,False,,,동일
6b8e293e96a740859f5213e65085348d,남자,48,40대,True,17-21,True,11-14,dept,동일
4d50d59f3be2454b8c77311e8834a3ad,여자,69,60대+,False,,False,,,동일
5961e1c6ea234be984381a7d5f9ed325,남자,20,20대,False,,False,,,동일
2ad8fdb9787b42cf9e1c395c1eb9eeac,남자,59,50대,True,17-21,False,,,Y->N
4938e794efb74e1c8b675293201162a6,여자,42,40대,False,,False,,,동일
37a80d909016440f9e930b4d9c4bd6c8,남자,47,40대,False,,False,,,동일
88fb457b493648389f8756af28e3e438,남자,51,50대,False,,False,,,동일
68f41b0bf1d141808667c77ee762e4ee,남자,72,60대+,False,,False,,,동일
15f1e9a16e7d4e79b6bf384036e0afb8,남자,47,40대,False,,False,,,동일
8b550da2fe4446fc9098abefb8082eaf,여자,57,50대,False,,False,,,동일
62c5f36dad4f4e35a7121d600c0effdb,여자,57,50대,False,,False,,,동일
0067cdccad004aa6934bd8abbd6cc14e,남자,64,60대+,False,,False,,,동일
fcdcf89b696c4ddd8bf60ec3e0dfa0d2,여자,85,60대+,False,,False,,,동일
d8440ebbe83d41108c8ba049225ed1da,남자,51,50대,False,,False,,,동일
3d8d2b58520b457986b9c1506e9131ad,남자,30,30대,True,17-21,True,11-14,dept,동일
e9067b723b8c4af4937b4974e283244d,여자,58,50대,True,11-14,True,17-21,hotel,동일
084e9dc10af64a3f9dcc2569480632af,여자,60,60대+,False,,False,,,동일
064d65592fa841d1800aa835a176714e,남자,33,30대,True,17-21,False,,,Y->N
a4739d3e2d51403e8dc45056e25b5f08,남자,69,60대+,True,11-14,False,,,Y->N
5cf3baf8ab3c4e828adaea3b0cfd9b95,남자,48,40대,False,,False,,,동일
a22a0954eeaf4a52a2ce9ca15ae53725,여자,50,50대,False,,False,,,동일
b8bcbcd83d644ec6848b8bc6f21771be,남자,67,60대+,False,,False,,,동일
dc91c5fe297a4cacb38a456af5697d01,남자,35,30대,False,,False,,,동일
0f28e3d36a6d427081b627b8f882986c,여자,92,60대+,False,,False,,,동일
0b6165734d14464183a37fc3f0f22a6e,여자,69,60대+,True,17-21,False,,,Y->N
6be721775cfe4ab2afab5debcf9d505a,여자,76,60대+,False,,False,,,동일
a628f2bf02fd4acaaf1362afa856e446,남자,83,60대+,False,,False,,,동일
1e9c7969dfa8406c99725105ac93bdbc,남자,51,50대,False,,True,00-06,hotel,N->Y
e509aa8fa1064d69a2d201eab4a9b32e,남자,68,60대+,False,,False,,,동일
befecf2bd69a4ea5bd8a268b175ea885,남자,58,50대,False,,False,,,동일
2f7a2f9fbbb84c569ce2dfcc082b4188,여자,47,40대,False,,False,,,동일
39c1b9271bd44b5db3c2b0f7843210e5,남자,42,40대,False,,False,,,동일
79c49f461ffa424487bbf3420a9153b3,남자,26,20대,False,,False,,,동일
cff33f3af2694530ba4777fed96e68b0,여자,63,60대+,False,,False,,,동일
146049dd3c5d4e9ea71723e0c2da0071,여자,52,50대,False,,False,,,동일
a8ebffc137444dafa67030583837452c,남자,51,50대,False,,False,,,동일
da10482693394704ab2ce1ad6d1eeb51,여자,77,60대+,False,,False,,,동일
a597f629ae3b468392c820aedfbf9282,여자,33,30대,False,,False,,,동일
e5a81468f4a6471e89e36288f175b26a,남자,64,60대+,False,,False,,,동일
3e662f203d8e4834a934dd78aa57daf4,남자,82,60대+,False,,False,,,동일
ad7cc478e7644c189a0221a3098430ab,여자,55,50대,False,,False,,,동일
70d819d5f8a747eaa1ad58f48781aa1f,여자,82,60대+,False,,False,,,동일
e2306572f90e4cf2b98e68ff5c5d145c,여자,42,40대,False,,False,,,동일
d65b7e7b8be5486682f65e9d4550a6aa,남자,64,60대+,True,17-21,True,14-17,dept,동일
0bcd86f6ae6b4edd82f76d0914e34d2f,남자,26,20대,True,11-14,True,11-14,cafe,동일
65a88595337a42e29dda097e0220a433,여자,50,50대,False,,False,,,동일
2626dd1c15954bf4ab7aae504b8142ea,여자,61,60대+,False,,False,,,동일
eebebf73e48f4f55b2f1618de14b743d,여자,55,50대,True,14-17,True,11-14,cvs,동일
43a6d18ba391481ea7debcdb9df26e5b,남자,37,30대,False,,False,,,동일
e36ce289e456451fb96e35a322a24eeb,여자,66,60대+,False,,False,,,동일
ed8ea04aabb44dd59d11c0d8177ebb5a,남자,60,60대+,False,,False,,,동일
9f0a3d096b2d4c9889fb19c234f40342,남자,49,40대,False,,False,,,동일
f9280bd7b38b42bcab4c64277ed467cc,여자,69,60대+,False,,False,,,동일
01cd9275c9ff41e28ae164b875a17753,여자,40,40대,False,,False,,,동일
9c333d5d2c104b02a7026efb2e603a3d,남자,35,30대,False,,False,,,동일
51652c712826476e968a5e25e7a1024b,남자,64,60대+,False,,False,,,동일
55582dd11bd74aff82563ceaf3b20767,여자,55,50대,False,,False,,,동일
8211bab9c93a44999fd742d94fcff22e,남자,47,40대,False,,False,,,동일
ffa61a3b003a40b8837cb4f2aae65441,남자,21,20대,True,17-21,True,21-24,cvs,동일
afc25ec76fcd4d4796492075f2cdd514,남자,64,60대+,False,,False,,,동일
426e3125f9954ecba3a73ebad1ee1afd,여자,44,40대,False,,False,,,동일
822c0a168fb347c886bcd8decc544b9f,여자,88,60대+,False,,False,,,동일
9c180d56932a4fb5a0a54681cea92d74,여자,47,40대,False,,False,,,동일
2ede6d45e4944efcb2e01601cfe30735,여자,62,60대+,False,,False,,,동일
0479f9e0476a4de09103da30e5fcc04c,남자,42,40대,False,,False,,,동일
1575249afa854aef9d77ea81a355a5ef,남자,37,30대,False,,False,,,동일
8abe52d77f6d4cbeb563d0563a4e5191,여자,79,60대+,False,,False,,,동일
e9c499ba7b96431c919863ebbea9c8f0,남자,34,30대,True,11-14,True,11-14,dept,동일
29c0b176d6514087a9cd33e9cfbc9144,남자,40,40대,False,,False,,,동일
0c18700dabe9457daae4eaec32f30474,여자,63,60대+,False,,False,,,동일
ac8cd04757724943a3281ef3f8c6c7d8,여자,24,20대,False,,False,,,동일
b12f29c77eb44f9bb1e341d7707ebc5c,여자,31,30대,True,17-21,True,17-21,dept,동일
e3d05c78d4fd44048357b9be98ad8141,여자,63,60대+,False,,False,,,동일
3ed2fc3c829a4fd19a04fc25299c2686,남자,62,60대+,True,11-14,True,11-14,cafe,동일
c7c0f6d6490343c3b29174a8042be5d3,남자,40,40대,False,,True,17-21,cafe,N->Y
a0d38743459949b99460540e60e28ca0,여자,87,60대+,False,,False,,,동일
993a9b1e265e4657abb3edfc316bbcfa,여자,73,60대+,False,,False,,,동일
ff61bdaca7b34b2290f4e171e1305be6,여자,44,40대,True,11-14,True,11-14,dept,동일
c092508617214f31bb88087e70526a95,남자,49,40대,True,11-14,True,11-14,dept,동일
9c00157f65e544b68890707538a83fb4,여자,63,60대+,False,,False,,,동일
9367707d46884a53b163d30b47a0aa6b,남자,47,40대,False,,False,,,동일
a6216371faed4de092db39781e5c5a03,남자,37,30대,False,,False,,,동일
1a2b88359178460dafba024137f4291b,여자,37,30대,False,,True,14-17,dept,N->Y
4f80c1d9f4174576aba2a7d6dc5755d3,남자,62,60대+,True,06-11,True,11-14,dept,동일
b3db7ccff6b64e73837d3ebd498e118f,남자,85,60대+,False,,False,,,동일
8dbe4fc795454f2dbc376fc1cab85ff8,남자,24,20대,False,,True,17-21,hotel,N->Y
297427a7127742f69a6bcc50490450a0,여자,27,20대,False,,False,,,동일
674bc4d9b0984a3a873aa8eb1371450a,남자,47,40대,False,,False,,,동일
89d864b84a5a4a5c81110097e628c81d,남자,43,40대,False,,False,,,동일
13aeb0618c76403b9b9fc8cb7a829736,여자,34,30대,False,,False,,,동일
2f083d020b8b49c295bbfc54c6c9b900,여자,79,60대+,False,,False,,,동일
c518a2ed8eb44e79a4a3a33eaa78eb40,남자,31,30대,False,,False,,,동일
43bf11d3febe467b9f244654780ef1a7,남자,19,10대,False,,False,,,동일
11112190acfc49fe83513e2062cbdc86,여자,60,60대+,False,,False,,,동일
388198b3c36543e39375884f62b228a5,남자,24,20대,False,,False,,,동일
a63c03a43c774bb297c5701d515c5bb8,남자,49,40대,True,11-14,False,,,Y->N
599166f98476474f9ab939e21014b0ef,남자,89,60대+,False,,False,,,동일
a0b09c24af0342829f407b5cb723058c,남자,78,60대+,False,,False,,,동일
8d8c976119564220b6c4551f2f86121f,여자,29,20대,False,,False,,,동일
6f818e8fc3c04f5ca7ccc6b952e45c3b,남자,64,60대+,False,,False,,,동일
f6ce905200ff4d50bde2554a4cabde9f,남자,41,40대,False,,False,,,동일
d08496a85fcb4569b4900bc8e33184fd,남자,43,40대,False,,False,,,동일
9cd878fbe0d94c7184d91490f7f061a9,남자,75,60대+,False,,False,,,동일
3920e9e768f14434abcfe793f86cb4a8,남자,75,60대+,False,,False,,,동일
7a8e436a2fdd4e1bb3136f318fc3c32f,남자,53,50대,False,,True,17-21,cafe,N->Y
19bb1d400bec4931aca54549f491356d,남자,53,50대,False,,False,,,동일
53f075b105874a63aeb406b16f72be6b,여자,58,50대,False,,False,,,동일
0d3b7a4568534271aa26a214535a29f0,남자,33,30대,False,,False,,,동일
dcecccf91bc84e0c82918d61d356849b,여자,61,60대+,False,,False,,,동일
8ac40a43061947fdb78c1d6392e462ab,여자,50,50대,False,,False,,,동일
89069b5bd8354698b95692e6c7c7b2a2,여자,51,50대,False,,False,,,동일
032d0a17ee02455ba6472e89704f7229,여자,66,60대+,False,,False,,,동일
