기준_년분기_코드,상권_구분_코드,상권_구분_코드_명,상권_코드,상권_코드_명,서비스_업종_코드,서비스_업종_코드_명,당월_매출_금액,당월_매출_건수,주중_매출_금액,주말_매출_금액,월요일_매출_금액,화요일_매출_금액,수요일_매출_금액,목요일_매출_금액,금요일_매출_금액,토요일_매출_금액,일요일_매출_금액,시간대_00~06_매출_금액,시간대_06~11_매출_금액,시간대_11~14_매출_금액,시간대_14~17_매출_금액,시간대_17~21_매출_금액,시간대_21~24_매출_금액,남성_매출_금액,여성_매출_금액,연령대_10_매출_금액,연령대_20_매출_금액,연령대_30_매출_금액,연령대_40_매출_금액,연령대_50_매출_금액,연령대_60_이상_매출_금액,주중_매출_건수,주말_매출_건수,월요일_매출_건수,화요일_매출_건수,수요일_매출_건수,목요일_매출_건수,금요일_매출_건수,토요일_매출_건수,일요일_매출_건수,시간대_건수~06_매출_건수,시간대_건수~11_매출_건수,시간대_건수~14_매출_건수,시간대_건수~17_매출_건수,시간대_건수~21_매출_건수,시간대_건수~24_매출_건수,남성_매출_건수,여성_매출_건수,연령대_10_매출_건수,연령대_20_매출_건수,연령대_30_매출_건수,연령대_40_매출_건수,연령대_50_매출_건수,연령대_60_이상_매출_건수
20251,U,관광특구,3001493,동대문패션타운 관광특구,CS300001,슈퍼마켓,3303918462,450895,2556945256,746973206,501074781,505641131,516615791,550569594,483043959,336529685,410443521,613258964,522671006,406013051,469200321,818275242,474499878,1811078727,1305254039,36704734,640915554,992007641,623176957,495931642,327596243,359068,91827,71807,68613,73839,78918,65891,41080,50747,93595,81193,50126,53478,103189,69314,262396,178815,3933,85494,154295,90265,64295,42932
20251,U,관광특구,3001493,동대문패션타운 관광특구,CS300004,핸드폰,3166062742,199494,2182946291,983116451,418962427,385710146,436840781,439213535,502219402,562872587,420243864,0,161646253,1218272821,604991259,1037955752,143196657,1313408292,1646279229,12197662,865927173,895426999,569498833,397598803,219038053,156264,43230,29224,29444,31099,30767,35730,26137,17093,0,33635,80503,35289,44223,5844,76765,99790,1115,49203,50061,36836,27130,12210
20251,U,관광특구,3001493,동대문패션타운 관광특구,CS100004,양식음식점,2444915041,65877,1461701400,983213641,282301569,243981872,296764578,285544169,353109212,554878784,428334857,593705,44764475,813398332,502130709,974085556,109942264,1245127543,1001235970,17574509,458621453,656642082,457609080,397496214,258420175,40917,24960,7211,7206,8713,8053,9734,13469,11491,41,1231,20351,15268,25530,3456,35242,27729,556,15613,20674,11179,9142,5808
20251,U,관광특구,3001493,동대문패션타운 관광특구,CS300015,가방,90519160,2118,47867308,42651852,18725654,747166,10629606,6250034,11514848,16863196,25788656,1508330,1605897,21096801,22692732,24291121,19324279,36849521,50072852,0,11233308,8716592,19790558,14859052,32322863,1216,902,421,66,183,235,311,448,454,46,99,471,647,555,300,821,1250,0,297,297,359,389,729
20251,U,관광특구,3001493,동대문패션타운 관광특구,CS100007,치킨전문점,86069366,1758,62774750,23294616,8433986,12026122,13599329,13800940,14914373,11371760,11922856,5601583,0,783969,2297112,33537843,43848859,49874604,27661726,1264466,15490722,17171396,14703845,17604316,11301585,1264,494,195,215,262,293,299,262,232,114,0,16,75,739,814,1004,648,46,433,383,296,284,210
20251,U,관광특구,3001493,동대문패션타운 관광특구,CS300033,철물점,684702432,10379,677460863,7241569,139834699,19069466,59501559,296059486,162995653,7241569,0,0,118761734,384756638,116058215,65125845,0,346134937,15448681,0,2896628,18948773,7000184,10379582,322358450,9897,482,1931,1448,1206,3381,1931,482,0,0,1690,4827,2897,965,0,4587,724,0,241,1207,724,482,2656
20251,U,관광특구,3001493,동대문패션타운 관광특구,CS100006,패스트푸드점,1259893424,128493,879034070,380859354,157683621,161955435,177864007,175867630,205663377,216694553,164164801,158826992,116510419,299981342,228650423,333929302,121994946,659291922,508337709,10507213,264464427,375123397,236263106,173965929,107305561,91852,36641,17388,16735,18276,18289,21164,20076,16565,13325,13417,31433,23567,33273,13478,70637,53063,1157,27299,38049,25729,18092,13375
20251,U,관광특구,3001493,동대문패션타운 관광특구,CS300028,화초,24037293,735,18907669,5129624,1907970,5082707,3315489,907068,7694435,4504060,625564,0,2815038,3659549,6427668,11135038,0,9930828,9164511,0,2111277,7178346,2580451,5035790,2189474,531,204,94,63,78,63,233,172,32,0,47,109,203,376,0,344,329,0,157,281,63,125,47
20251,U,관광특구,3001493,동대문패션타운 관광특구,CS300021,문구,119956529,2791,103067304,16889225,8168016,11675768,46513104,16255756,20454660,11477694,5411531,0,38411537,18966285,39302139,23276568,0,35491910,43248566,0,13545282,21226670,16313596,15122977,12531952,2153,638,329,459,518,354,493,401,237,0,275,651,1299,566,0,971,1387,0,500,559,553,523,222
20251,U,관광특구,3001493,동대문패션타운 관광특구,CS200034,여관,483682487,11591,335073606,148608881,86272670,65138883,60835576,66106311,56720166,96430813,52178068,84084114,29126303,60004343,109097741,119744225,81625761,335094152,73888461,3149418,71689609,71239808,42748054,57513076,162642647,7150,4441,1450,1234,1474,1508,1484,2606,1835,1846,463,1433,1965,3671,2213,8301,2881,140,4111,3021,1081,915,1912
20251,U,관광특구,3001493,동대문패션타운 관광특구,CS200037,노래방,12573144,227,10186727,2386417,1132657,698117,2001742,3754155,2600056,926072,1460345,6375653,0,0,0,413171,5784320,8163615,4409529,0,1852144,4252739,4324046,1460346,683869,178,49,15,14,36,71,42,28,21,107,0,0,0,21,99,127,100,0,49,94,49,28,7
20251,U,관광특구,3001493,동대문패션타운 관광특구,CS200017,골프연습장,221564351,6473,138983329,82581022,32311900,27894118,23986311,31777030,23013970,36666813,45914209,1261310,1258767,48526277,38695619,77311846,54510532,158438836,37414358,0,3577866,23814953,32922146,80979468,54558760,3980,2493,755,896,875,862,592,1169,1324,26,62,1905,1229,2163,1088,4864,1265,0,76,880,925,2356,1892
20251,U,관광특구,3001493,동대문패션타운 관광특구,CS200030,피부관리실,68123328,606,51916328,16207000,6880807,10367148,7730696,19180909,7756768,8096099,8110901,7192570,1418926,6382022,9703333,32180808,11245669,32372361,31801197,268120,7233212,23989210,9670297,13156972,9855748,444,162,65,94,89,97,99,74,88,79,16,72,106,234,99,294,264,6,91,155,101,119,86
20251,U,관광특구,3001493,동대문패션타운 관광특구,CS300031,가구,1989553432,2373,1781817489,207735943,404101872,1108223884,86142038,166791281,16558414,207735943,0,0,908039,834637924,654957928,499049541,0,1450437120,450102872,0,0,1310179108,68722204,177069745,344568936,1843,530,435,443,87,704,174,530,0,0,182,973,1131,87,0,1321,791,0,0,530,174,435,973
20251,U,관광특구,3001493,동대문패션타운 관광특구,CS200029,네일숍,19146598,218,15665228,3481370,2889633,4658576,1250465,5517680,1348874,1160130,2321240,0,0,644179,11474017,5981950,1046452,2210311,16047398,0,3515496,997811,5353473,7650189,740741,172,46,15,51,23,60,23,23,23,0,0,23,119,60,16,60,150,0,37,24,31,111,8
20251,U,관광특구,3001493,동대문패션타운 관광특구,CS300014,신발,645830983,6238,470473120,175357863,101373724,28713177,88227654,58385321,193773244,150187346,25170517,0,0,204619287,301309045,139902651,0,173396532,357462117,0,28853539,26962729,52251875,92042591,330747914,4437,1801,1178,451,770,730,1308,1335,466,0,0,1565,2817,1856,0,1782,4196,0,313,481,814,1210,3159
20251,U,관광특구,3001493,동대문패션타운 관광특구,CS300016,안경,405069138,7699,252510751,152558387,48909558,32767380,55023932,55475767,60334114,88981445,63576942,0,1710913,82494771,121500804,188164297,11198353,142917401,261213495,3802530,136901916,114436535,62833234,49524572,36632109,5131,2568,1092,669,903,1225,1242,1521,1047,0,22,1585,2196,3629,267,2140,5548,146,3065,2107,1002,787,581
20251,U,관광특구,3001493,동대문패션타운 관광특구,CS300002,편의점,4590418070,591191,3367135089,1223282981,666246013,593295672,683926955,683037491,740628958,642503056,580779925,428718251,595333091,676209270,732748525,1445462632,711946301,2287636582,2245691614,35239234,1069760303,1441959979,895193532,761701027,329474123,441164,150027,90124,81259,87213,89970,92598,77427,72600,64719,108430,88417,88607,159036,81982,325389,261876,4755,134399,185578,116895,93518,52120
20251,U,관광특구,3001493,동대문패션타운 관광특구,CS200028,미용실,174502392,3325,127750406,46751986,15285792,36684326,24633198,20849963,30297127,36400352,10351634,10059021,2194060,35693296,53174291,62406719,10975005,92579926,81647169,0,27643053,60788722,45215858,29473313,11106148,2429,896,323,501,505,460,640,605,291,169,77,955,900,1072,152,2363,952,0,552,1383,671,482,227
20251,U,관광특구,3001493,동대문패션타운 관광특구,CS300035,인테리어,770857792,3993,690526587,80331205,94436734,143650282,43793452,280585770,128060349,76835380,3495825,0,23189347,40359087,323718582,383590776,0,485452493,163732286,0,0,145897478,314363922,121798146,67125230,2989,1004,962,670,563,230,564,920,84,0,564,1045,1861,523,0,1902,1045,0,0,879,523,523,1024
20251,U,관광특구,3001493,동대문패션타운 관광특구,CS200006,일반의원,1369294736,20413,1170060698,199234038,246743126,202986473,215894443,210734469,293702187,178761810,20472228,0,144352384,459470935,430082197,335389220,0,418913044,943822686,743951,90542003,271983090,258814286,373629193,367023207,17700,2713,4077,2978,3216,2863,4566,2443,270,0,2952,6900,6180,4381,0,8694,11636,23,1826,4787,3778,4087,5829
20251,U,관광특구,3001493,동대문패션타운 관광특구,CS300011,일반의류,42167404431,426423,31438907666,10728496765,4980615666,5331369031,7296103912,6062303262,7768515795,5749845894,4978650871,2979354965,2470671266,9887055543,11897002159,8081537315,6851783183,13110684112,27583431715,139871608,3330548381,4417727650,5783665007,11090956408,15931346771,285945,140478,56355,52167,57888,55740,63795,80953,59525,34943,13829,97434,134834,103918,41465,129556,288922,5137,75314,78327,70921,71490,117293
20251,U,관광특구,3001493,동대문패션타운 관광특구,CS100009,호프-간이주점,1415672506,33787,969908285,445764221,179949185,189236409,164243699,177764638,258714354,254232042,191532179,123991662,0,65023377,153217123,539994021,533446323,786692309,543261733,31685680,394880150,447923478,211297036,164316291,79851405,23428,10359,4659,4461,4013,4328,5967,5447,4912,2112,0,2422,5145,13592,10516,18678,14041,787,10789,10498,4799,4133,1713
20251,U,관광특구,3001493,동대문패션타운 관광특구,CS300024,운동/경기용품,23014952035,144796,12047733341,10967218694,3036489883,1284011523,1668863674,2595608470,3462759791,5928969137,5038249557,0,998421506,6712509577,9097762869,6188309583,17948500,13696438484,7103138405,557016400,2399514236,3786805486,7211931449,4897563699,1946745618,72073,72723,13412,9593,9663,18720,20685,40851,31872,0,4652,39374,58774,41890,106,95054,47045,4160,19702,28129,44212,32867,13035
20251,U,관광특구,3001493,동대문패션타운 관광특구,CS300006,미곡판매,126351022,795,126351022,0,0,0,0,16687871,109663151,0,0,0,0,12714568,113636454,0,0,3973303,60394199,0,0,0,0,0,64367502,795,0,0,0,0,318,477,0,0,0,0,159,636,0,0,159,318,0,0,0,0,0,477
20251,U,관광특구,3001493,동대문패션타운 관광특구,CS100008,분식전문점,1589056603,189042,1164014385,425042218,229808091,209695493,228057091,247423697,249030013,210639242,214402976,97841040,247864734,361402516,292891572,478381563,110675178,713799064,764344831,12074659,315073208,421399397,306689808,242739583,180167237,139181,49861,27490,25002,28114,28734,29841,26051,23810,5035,38607,40353,38885,58526,7636,83950,99236,1921,43447,53840,32292,30080,21606
20251,U,관광특구,3001493,동대문패션타운 관광특구,CS300043,전자상거래업,1064991,10,1064991,0,0,0,0,879350,185641,0,0,0,1064991,0,0,0,0,879350,185641,0,0,0,0,879350,185641,10,0,0,0,0,5,5,0,0,0,10,0,0,0,0,5,5,0,0,0,0,5,5
20251,U,관광특구,3001493,동대문패션타운 관광특구,CS200016,당구장,21754663,1336,15480346,6274317,3480937,3616344,1908612,3378140,3096313,4543467,1730850,1576223,0,907510,3077894,6373942,9819094,19812350,1942313,466075,3956446,1438059,6224137,3472588,6197358,945,391,205,236,142,167,195,265,126,88,0,55,207,496,490,1182,154,29,289,109,331,222,356
20251,U,관광특구,3001493,동대문패션타운 관광특구,CS100001,한식음식점,10309010796,293028,7661912482,2647098314,1506029130,1393903918,1503636167,1510357197,1747986070,1605752693,1041345621,580708988,399122257,3408861779,1008119668,3447637324,1464560780,4894515666,3841112311,39303172,1190734140,2199683244,1829210871,1785909862,1690786692,222442,70586,45339,41581,43595,45275,46652,39922,30664,14185,14592,119889,34752,78717,30893,145822,117824,1044,34779,62655,55411,56322,53440
20251,U,관광특구,3001493,동대문패션타운 관광특구,CS100010,커피-음료,2048652098,333914,1530816200,517835898,295789302,297834002,302903294,333658086,300631516,253883116,263952782,123641100,228989890,526870207,477827887,448817605,242505409,821350897,1058407887,13303773,417606775,624057568,381236837,281146811,162407020,260501,73413,53159,51530,52686,56566,46560,33523,39890,20498,53451,80257,65587,69471,44650,147208,171614,2600,69739,110994,65644,47233,22607
20251,U,관광특구,3001493,동대문패션타운 관광특구,CS100003,일식음식점,331429321,8026,252492064,78937257,26977758,55213007,56748890,55510309,58042100,78937257,0,0,0,109142260,68614691,153267914,404456,145891051,143390775,850934,40980349,111327374,53677124,47415931,35030115,6293,1733,747,1397,1292,1250,1607,1733,0,0,0,2542,1744,3729,11,3278,4024,32,1250,2784,1187,1282,767
20251,U,관광특구,3001493,동대문패션타운 관광특구,CS100005,제과점,318432034,33303,253754444,64677590,42831158,44248940,54763421,56968070,54942855,41972824,22704766,0,88684259,97540334,71429417,56086411,4691613,86339132,206178764,653770,41762841,73094519,69299270,62494734,45212764,27239,6064,5168,4839,5376,6215,5641,4135,1929,0,10937,9863,6512,5396,595,9220,23280,86,4019,8099,7590,7182,5522
20251,U,관광특구,3001493,동대문패션타운 관광특구,CS100002,중식음식점,269957965,11830,229890777,40067188,48984375,44270816,38455452,50422360,47757774,22870309,17196879,80280731,33816227,46448935,35424789,40124594,33862689,118375984,89111586,2227161,52048805,71038687,40440945,26858070,14873897,9653,2177,2247,1776,1807,2040,1783,1196,981,3412,963,2102,2087,2041,1225,4829,3992,179,2689,2632,1292,1367,665
20251,U,관광특구,3001493,동대문패션타운 관광특구,CS300018,의약품,2059042569,84037,1975386247,83656322,406418357,343183080,408249034,390135027,427400749,62598122,21058200,42738184,457163418,668347832,672406654,187992632,30393849,1099895050,932116003,2055215,102585917,402130273,320620402,412703844,791915402,76513,7524,17374,13774,13383,15787,16195,5335,2189,4108,14908,25076,23068,14111,2766,41319,42602,184,9907,21280,15991,15805,20755
20251,U,관광특구,3001493,동대문패션타운 관광특구,CS300022,화장품,2688745374,51463,1917976145,770769229,478524537,230028470,304285201,524041491,381096446,296139415,474629814,340999378,34558235,277986526,440411828,812107245,782682162,875490475,1777391917,6218024,443239245,1169954118,511307204,260400290,261763510,36029,15434,8131,5589,7203,7122,7984,7942,7492,6926,1370,7204,9487,15537,10939,13819,37560,433,13101,13828,8628,7190,8199
20251,U,관광특구,3001493,동대문패션타운 관광특구,CS200007,치과의원,1095225375,7280,1020290117,74935258,151195411,245318600,155726602,240005622,228043882,74935258,0,0,40724672,379373351,477838972,197288380,0,556430586,538085183,3268271,22867173,201292699,248596486,307434012,311057127,6562,718,1220,1549,1421,822,1550,718,0,0,981,2483,2409,1407,0,3605,3643,11,418,1648,934,1884,2354
20252,U,관광특구,3001493,동대문패션타운 관광특구,CS100001,한식음식점,10927478118,306829,8226737580,2700740538,1544139206,1499408865,1703512877,1712809350,1766867282,1516806894,1183933644,638677849,510711569,3488545517,1182844906,3593923682,1512774595,4932720480,4038985671,44374453,1246065661,2183558120,1749048457,1819306765,1929352701,236149,70680,45848,45764,48652,49097,46788,37160,33520,16269,16772,125681,36194,79741,32172,151054,125771,1625,37071,63822,55814,58760,59727
20252,U,관광특구,3001493,동대문패션타운 관광특구,CS100002,중식음식점,267460720,11289,227479352,39981368,42080436,46915681,43087190,43808070,51587975,25884651,14096717,86825293,28470647,44910484,32311462,39198132,35744702,140529804,69050369,1235460,42480975,74963662,44734801,30923865,15241411,9385,1904,1778,2021,1726,1921,1939,1175,729,3566,677,2127,1662,1867,1390,5269,3066,102,2127,2647,1571,1228,661
20252,U,관광특구,3001493,동대문패션타운 관광특구,CS300015,가방,102615821,2640,64141790,38474031,14323592,1076734,24936326,14948648,8856490,26111381,12362650,0,1050991,26271219,30156180,35958136,9179295,49696964,52918857,0,5668901,13157298,27305854,29671077,26812691,1641,999,402,81,545,365,248,573,426,0,85,460,995,872,228,1041,1599,0,264,387,495,696,798
20252,U,관광특구,3001493,동대문패션타운 관광특구,CS100010,커피-음료,2321371907,400606,1738800353,582571554,335560667,347201507,362498488,372883548,320656143,278131693,304439861,152401305,285173895,571634850,516178161,527786191,268197505,977787803,1184064413,33764925,486696451,670577708,435819611,353429013,181564517,314402,86204,62289,63438,67094,68060,53521,38424,47780,25028,72791,95600,75785,83333,48069,182837,204825,6649,93400,121139,76824,61115,28530
20252,U,관광특구,3001493,동대문패션타운 관광특구,CS300011,일반의류,56147226788,580906,44017101530,12130125258,7312287652,9097901951,7285487334,10840919191,9480505402,6681049836,5449075422,4103306023,4453810533,14509240638,13895801911,13007891525,6177176158,16149008989,36914863270,202095707,4898191312,7184112420,8252467814,13107290902,19419714105,410567,170339,79257,79752,70805,86904,93849,98034,72305,37057,20441,141611,176724,161885,43188,152604,414227,6106,117238,104460,81025,98629,159371
20252,U,관광특구,3001493,동대문패션타운 관광특구,CS200019,PC방,468000000,93493,315509307,152490693,56996672,62246014,52973479,71993102,71300040,81429511,71061182,60229687,42241912,75391294,79422467,138021026,72693614,348353188,119646812,15215305,250371762,120634229,55447477,22867145,3464082,61612,31881,11454,11924,10595,13361,14278,16851,15030,10715,7441,14901,16860,29112,14464,67717,25776,4182,51097,23155,8700,5457,902
20252,U,관광특구,3001493,동대문패션타운 관광특구,CS100003,일식음식점,337262302,8468,262685820,74576482,22597024,61304421,54558523,56440033,67785819,74576482,0,0,0,112402479,68946662,155682043,231118,158457559,153686432,766891,65151601,115290402,62244244,40121536,28569320,6818,1650,672,1440,1493,1502,1711,1650,0,0,0,2774,1785,3898,11,3373,4570,32,1891,2785,1460,1040,736
20252,U,관광특구,3001493,동대문패션타운 관광특구,CS300003,컴퓨터및주변장치판매,524851,16,524851,0,0,0,0,0,524851,0,0,0,0,0,0,524851,0,0,524851,0,0,0,524851,0,0,16,0,0,0,0,0,16,0,0,0,0,0,0,16,0,0,16,0,0,0,16,0,0
20252,U,관광특구,3001493,동대문패션타운 관광특구,CS200028,미용실,212610587,3687,169278280,43332307,18356066,36342979,34989643,35559357,44030235,31028206,12304101,8105652,3183461,56283912,52673948,81648746,10714868,92745242,119865345,2111708,31667957,77636107,43834421,46051095,11309299,2958,729,404,759,575,538,682,465,264,156,57,1175,915,1187,197,2435,1252,29,503,1593,689,673,200
20252,U,관광특구,3001493,동대문패션타운 관광특구,CS300028,화초,37142857,1031,33436391,3706466,4050526,3331127,7788271,7162706,11103761,891428,2815038,0,1986165,8492030,12229775,12151579,2283308,6552782,22332632,390977,3268572,6365113,5332932,10947368,2580451,937,94,110,140,265,266,156,63,31,0,63,219,250,420,79,266,657,31,203,282,156,172,79
20252,U,관광특구,3001493,동대문패션타운 관광특구,CS300021,문구,128561678,3120,81107966,47453712,13759445,4582027,20881925,15797171,26087398,45320410,2133302,0,0,27238648,84092889,17230141,0,52511615,76050063,0,29380274,26319841,13205488,32919875,26736200,1575,1545,374,79,387,400,335,1460,85,0,0,695,2103,322,0,1360,1760,0,1027,511,355,715,512
20252,U,관광특구,3001493,동대문패션타운 관광특구,CS100005,제과점,394653645,43675,326572627,68081018,57962719,70106317,65548269,69781703,63173619,42257467,25823551,90350,121931428,113216312,78640950,73303679,7470926,103925506,257684679,628286,46674845,91449089,72404609,90276416,60176944,37037,6638,7167,7402,7416,8077,6975,4482,2156,10,16194,12313,7126,7215,817,11443,31268,92,4761,10304,8279,11404,7870
20252,U,관광특구,3001493,동대문패션타운 관광특구,CS300022,화장품,2025449091,47537,1386803441,638645650,394616063,314456706,239759025,236601462,201370185,400310787,238334863,156116178,69119191,242502550,273268829,794981972,489460371,808172363,1200541697,27281575,474299170,881877391,195645605,193058482,236551837,33847,13690,8003,6769,7254,6071,5750,6777,6913,6830,1406,6267,8118,15536,9380,13802,33658,923,14448,10439,7797,6248,7605
20252,U,관광특구,3001493,동대문패션타운 관광특구,CS300018,의약품,2114727618,88909,2022639705,92087913,445397787,390109881,407981427,367343833,411806777,59546576,32541337,67055243,546500238,673453428,602580190,183284297,41854222,1033663205,1069718404,5247100,142220500,427788155,317223183,423119680,787782991,81150,7759,19267,14625,16581,16284,14393,4792,2967,5922,15968,24908,23205,14890,4016,42156,46497,370,11565,22550,16399,15806,21962
20252,U,관광특구,3001493,동대문패션타운 관광특구,CS300016,안경,463144929,8866,285874079,177270850,56150786,62186267,46121510,67434282,53981234,112762912,64507938,0,5748090,95197064,141955455,210156877,10087443,177410687,275846081,11884743,113541208,118006503,90139925,87349672,32334718,5786,3080,1055,1163,1119,1215,1234,1870,1210,0,96,1685,2620,4189,276,2556,6282,323,3140,2313,1215,1278,570
20252,U,관광특구,3001493,동대문패션타운 관광특구,CS100007,치킨전문점,83829015,1694,61376320,22452695,8769069,10299073,13460448,16336896,12510834,12122011,10330684,5350797,0,849299,3758624,36043593,37826702,50520465,30141062,882395,19937322,21658143,17360295,12085551,8737822,1202,492,182,239,249,278,254,264,228,109,0,21,88,760,716,1018,614,31,468,390,289,285,169
20252,U,관광특구,3001493,동대문패션타운 관광특구,CS300002,편의점,5124401823,681348,3812054478,1312347345,739179414,746889156,776321436,784357796,765306676,678213816,634133529,508887673,702377135,730935842,827330001,1547426538,807444634,2550016283,2518031963,47283609,1163623228,1597625852,999976306,832016295,427522959,514437,166911,102322,100130,106386,106968,98631,84120,82791,76841,123357,103460,105163,176101,96426,374200,302828,7985,155307,214194,132968,106221,60352
20252,U,관광특구,3001493,동대문패션타운 관광특구,CS100006,패스트푸드점,1346157125,142920,980058755,366098370,176410474,187849862,196356119,212330420,207111880,195380192,170718178,183353525,137255058,332630350,217312587,348413796,127191809,731574538,514880097,18867965,264832902,418893685,247709841,180730818,115419420,106217,36703,19969,20776,20988,22938,21546,19585,17118,16681,15977,34842,23598,36408,15414,81620,55858,2167,28645,44381,28230,19740,14311
20252,U,관광특구,3001493,동대문패션타운 관광특구,CS300004,핸드폰,3162329371,205449,2341065393,821263978,553642274,385974815,467018498,444477568,489952238,410633092,410630886,0,192932269,1370340720,629300175,862565487,107190720,1162572044,1630544849,30080647,695584094,799876439,678015313,364676071,224884325,167293,38156,36170,33195,34407,31540,31981,22276,15880,0,43119,82159,35950,39368,4853,80864,106059,1890,45349,51475,41296,33438,13475
20252,U,관광특구,3001493,동대문패션타운 관광특구,CS300006,미곡판매,61029928,477,61029928,0,0,0,29243507,31786421,0,0,0,0,53560119,7469809,0,0,0,7469809,31786421,0,0,0,0,0,39256230,477,0,0,0,318,159,0,0,0,0,318,159,0,0,0,159,159,0,0,0,0,0,318
20252,U,관광특구,3001493,동대문패션타운 관광특구,CS200017,골프연습장,268398009,7570,175817561,92580448,41312450,33623930,47661922,28441999,24777260,36313649,56266799,189197,5206977,49189100,40053090,100577685,73181960,188485157,58525125,0,9458507,45245638,30613633,105858080,55834425,4895,2675,1121,832,1242,930,770,1069,1606,5,187,2036,1405,2477,1460,5429,1833,0,114,1286,962,2969,1929
20252,U,관광특구,3001493,동대문패션타운 관광특구,CS300024,운동/경기용품,24497826536,199903,13209554743,11288271793,2585169028,2706018528,3306311473,1859749704,2752306010,5613635617,5674636176,90787738,1680805689,5710107408,9370098707,7313662999,332363995,13953718682,7935235933,344785367,2757357064,3778869230,7746616354,4749451912,2511874685,104824,95079,20537,19442,18142,19648,27055,48416,46663,1584,5121,45092,72587,67178,8341,124654,71807,4743,29472,39864,61375,40820,20187
20252,U,관광특구,3001493,동대문패션타운 관광특구,CS200016,당구장,19414053,1140,14351738,5062315,2023726,1592213,3661130,3473387,3601282,2879608,2182707,1090082,0,643633,2525679,7965307,7189352,17341776,1896121,235139,2124711,1147100,5750701,4362284,5617963,823,317,124,111,196,181,211,175,142,38,0,40,168,542,352,990,142,26,167,85,273,260,321
20252,U,관광특구,3001493,동대문패션타운 관광특구,CS200006,일반의원,1164323897,19768,1040618411,123705486,200657763,179652843,210547212,177252388,272508205,107670965,16034521,0,143885497,335296806,355713524,329428070,0,322693603,841630294,2384642,134683277,236781757,209533108,296724112,284217001,17583,2185,4196,2955,3642,3013,3777,1880,305,0,3706,5836,6192,4034,0,8412,11356,44,2542,4659,3294,3887,5342
20252,U,관광특구,3001493,동대문패션타운 관광특구,CS100004,양식음식점,2255770672,66755,1339279543,916491129,227012383,256980575,254021571,278688072,322576942,449484009,467007120,1331936,32767868,775008019,430471350,881214964,134976535,1081270477,962772838,19243622,456126754,600808842,407046216,301261894,259555983,40878,25877,6414,7990,8524,8423,9527,12105,13772,90,729,21038,14539,25746,4613,33614,29855,856,16216,20660,11609,8190,5939
20252,U,관광특구,3001493,동대문패션타운 관광특구,CS200030,피부관리실,60687878,665,46027339,14660539,11209381,12529332,7384388,6835280,8068958,6926605,7733934,17657280,6949641,5354097,7640519,18732522,4353819,29195190,29764098,381885,16025617,18994649,6735830,13161731,3659577,513,152,113,111,91,86,112,89,63,203,37,81,89,216,39,335,295,8,110,232,88,146,46
20252,U,관광특구,3001493,동대문패션타운 관광특구,CS300014,신발,633184166,6830,511750778,121433388,183860926,76610185,124155526,68562579,58561562,76085393,45347995,0,4339593,115579546,311521386,194790563,6953078,173164474,297530383,1798210,41355127,54701650,46987791,129449617,196402462,4828,2002,1166,818,1047,1035,762,1342,660,0,49,1461,2981,2159,180,2176,4328,60,685,697,762,1639,2661
20252,U,관광특구,3001493,동대문패션타운 관광특구,CS300035,인테리어,911452547,6004,731404204,180048343,33765821,348497134,81556646,116203161,151381442,25983720,154064623,0,19587757,374519753,498219413,19125624,0,670401673,195199582,0,0,157541356,41261908,533727683,133070307,4994,1010,503,1603,1112,1141,635,425,585,0,424,2028,3394,158,0,3413,1768,0,0,1506,807,1585,1283
20252,U,관광특구,3001493,동대문패션타운 관광특구,CS300031,가구,3492494779,3392,3492494779,0,1322275436,1071238470,896669715,181607862,20703296,0,0,0,349413526,848906063,1444135966,850039224,0,2087767663,1303357951,0,0,178836729,1302673190,953497440,956118254,3392,0,980,973,711,182,546,0,0,0,363,1242,980,807,0,1700,1431,0,0,356,909,980,886
20252,U,관광특구,3001493,동대문패션타운 관광특구,CS100009,호프-간이주점,1508975483,34285,1067667098,441308385,186310826,185689032,239019443,220528591,236119206,258162352,183146033,167978677,1335415,65312926,128166459,555826045,590355961,810522169,604735916,32431963,375353467,430244249,244536264,203518243,129173901,25057,9228,4640,4044,5558,5049,5766,5345,3883,2264,9,2360,3849,13675,12128,18272,14957,993,10058,9905,5366,4461,2444
20252,U,관광특구,3001493,동대문패션타운 관광특구,CS100008,분식전문점,1846176159,214960,1315302792,530873367,254359956,256640965,266872940,266991512,270437419,290119123,240754244,119449929,265650904,459593089,339501023,498509138,163472076,821387613,904814877,22879002,356493914,472462310,350498250,291974625,231894387,154744,60216,29474,30157,30764,32661,31688,33265,26951,7986,41795,51541,42093,60287,11258,96269,111778,3457,46142,58512,38444,32702,28784
20252,U,관광특구,3001493,동대문패션타운 관광특구,CS300033,철물점,893416524,16414,865536483,27880041,228568061,16800440,278679719,137710507,203777756,27880041,0,0,292993888,412552194,165469855,22400587,0,385927358,3620784,0,0,18707387,45742578,6034640,319063536,14966,1448,2654,1207,4344,3623,3138,1448,0,0,4344,6277,4344,1449,0,7242,723,0,0,1448,2897,482,3138
20252,U,관광특구,3001493,동대문패션타운 관광특구,CS200029,네일숍,12988922,204,11264795,1724127,2958675,2425145,1337618,2648713,1894644,985215,738912,0,0,1981797,4310694,3418697,3277734,1364144,11624778,0,1840078,2319802,663125,8014345,151572,172,32,43,23,46,46,14,16,16,0,0,31,75,68,30,53,151,0,38,39,23,96,8
20252,U,관광특구,3001493,동대문패션타운 관광특구,CS200007,치과의원,816854077,6286,773304780,43549297,115016954,119400241,203279491,137346048,198262046,43549297,0,0,33192711,250652994,357297728,175710644,0,431976706,384282780,0,66424230,64507219,153909795,279643784,251774459,5742,544,1182,1070,1514,647,1329,544,0,0,929,1940,2176,1241,0,3066,3193,0,398,1093,951,1529,2288
20252,U,관광특구,3001493,동대문패션타운 관광특구,CS300001,슈퍼마켓,3779881820,514773,2934318414,845563406,579009545,603741401,581794175,646171444,523601849,425730361,419833045,728114409,635199381,467679123,526445653,862987984,559455270,1963603996,1520206670,40046210,718392865,1096707562,700371710,543706859,384585457,410709,104064,82092,82210,86880,89744,69783,47462,56602,106716,94148,60222,62917,108628,82142,303048,197774,5017,97848,169102,100438,76913,51507
20252,U,관광특구,3001493,동대문패션타운 관광특구,CS200037,노래방,19376286,349,12950768,6425518,3675794,1381985,3497705,4096091,299193,5043533,1381985,6653474,0,0,0,1324996,11397816,13043375,5157511,227956,2863701,6318665,4587620,3447839,755105,213,136,42,14,78,72,7,101,35,85,0,0,0,28,236,221,121,7,78,122,78,42,14
20252,U,관광특구,3001493,동대문패션타운 관광특구,CS200034,여관,419890835,8224,275832800,144058035,69604749,65116349,54985497,31414999,54711206,84123152,59934883,48289627,46852464,64261066,86836899,97172364,76478415,249988706,82355488,1250548,56112735,60664730,77397678,41323252,95595253,5176,3048,930,1102,1165,661,1318,1719,1329,1174,453,1046,1493,2119,1939,5510,1999,29,2465,2248,1170,674,924
20253,U,관광특구,3001493,동대문패션타운 관광특구,CS100004,양식음식점,2529945075,72860,1535161614,994783461,260484367,285784533,297747524,328751267,362393923,539971761,454811700,1380485,37807288,890386274,473789166,989908942,136672920,1250819269,1044339460,41735195,504434653,630305206,493830034,359018182,265835469,44689,28171,6812,9041,8745,9068,11023,15313,12858,122,992,22900,15519,28874,4453,37056,32445,1714,18751,21705,12796,9014,5522
20253,U,관광특구,3001493,동대문패션타운 관광특구,CS300018,의약품,2224971697,89844,2120803122,104168575,456139023,496162795,387562323,461126596,319812385,69734708,34433867,98700766,511488696,628651886,729404514,188791338,67934497,1211791069,1013180628,5454965,129571440,492890846,353672004,433538341,809844101,81710,8134,18278,17251,15288,16842,14051,5485,2649,4626,17108,24531,25349,14355,3875,42741,47103,434,11291,22098,15849,16844,23328
20253,U,관광특구,3001493,동대문패션타운 관광특구,CS300004,핸드폰,3367674369,224197,2528973151,838701218,368352307,600141210,451987536,588043657,520448441,475730501,362970717,0,321153102,1369554434,597797794,950611857,128557182,1303096594,1659998975,83639497,787619197,921510459,646328207,332689537,191308672,186590,37607,33525,40361,34076,40472,38156,21175,16432,0,54147,88334,32643,43669,5404,95957,110154,2889,48878,64151,43629,31997,14568
20253,U,관광특구,3001493,동대문패션타운 관광특구,CS300002,편의점,5760396112,748418,4261063466,1499332646,801755313,874233632,842260031,887676339,855138151,783217243,716115403,570236014,771942944,804979778,910982094,1750207736,952047546,2824356523,2856106018,77279956,1361833333,1746622440,1163444326,876901267,454381219,561589,186829,108043,117163,110485,116882,109016,96540,90289,80877,135670,109838,116034,198775,107224,409058,333213,11815,166450,230555,150427,113930,69091
20253,U,관광특구,3001493,동대문패션타운 관광특구,CS300003,컴퓨터및주변장치판매,3281728,123,874751,2406977,0,874751,0,0,0,577336,1829641,0,0,577336,2704392,0,0,0,3281728,0,874751,577336,1829641,0,0,16,107,0,16,0,0,0,16,91,0,0,16,107,0,0,0,123,0,16,16,91,0,0
20253,U,관광특구,3001493,동대문패션타운 관광특구,CS100009,호프-간이주점,1352621035,32286,918801193,433819842,153296423,165845520,182608116,183902361,233148773,233485378,200334464,101576493,1731184,71235363,186905143,552623054,438549798,717571352,601160458,57789193,443564463,403590371,202391176,145840287,65556318,21982,10304,4125,4579,4010,4302,4966,5508,4796,1454,90,2385,6116,14136,8105,16297,15498,1892,12211,9199,4110,3087,1296
20253,U,관광특구,3001493,동대문패션타운 관광특구,CS200007,치과의원,926581635,5964,816737319,109844316,207480218,201693877,207424526,80745054,119393644,109844316,0,0,144617905,348137983,311517901,122307846,0,445789153,480792482,0,40136847,131947883,87563291,389849112,277084502,5268,696,1156,1411,1060,677,964,696,0,0,887,1920,1969,1188,0,2963,3001,0,429,1199,726,1522,2088
20253,U,관광특구,3001493,동대문패션타운 관광특구,CS100003,일식음식점,364031647,9697,271416414,92615233,25837926,55378992,54769681,63026892,72402923,92615233,0,0,0,97437191,71121269,194753570,719617,157822590,185382186,2786726,78175569,112374844,57544805,60943680,31379151,7533,2164,756,1659,1588,1702,1828,2164,0,0,0,2689,1943,5054,11,3700,5597,107,2401,3090,1350,1432,917
20253,U,관광특구,3001493,동대문패션타운 관광특구,CS200028,미용실,228989974,3550,151829206,77160768,21192724,41395007,29009771,28027607,32204097,59546497,17614271,9378051,2541895,46189507,79136068,78690583,13053870,94887633,129062734,145694,45916061,76636548,47241090,41536840,12474135,2626,924,288,580,671,572,515,622,302,198,67,927,1012,1161,185,2112,1428,5,595,1428,757,542,214
20253,U,관광특구,3001493,동대문패션타운 관광특구,CS200030,피부관리실,57590845,514,35714647,21876198,8888558,4598842,3325316,6485767,12416164,12931025,8945173,9037242,1973519,11159346,14573985,12798827,8047926,36507208,18260486,0,12199320,20209259,9471839,8941683,3945593,375,139,94,44,44,92,101,53,86,77,17,51,123,148,98,259,245,0,73,203,91,88,48
20253,U,관광특구,3001493,동대문패션타운 관광특구,CS100006,패스트푸드점,1469333888,156861,1070007876,399326012,180093886,225990211,216126163,226095522,221702094,216076984,183249028,179190772,148533709,366287613,236092485,395869362,143359947,806192191,560886729,22681005,277351760,449735526,271743852,221795079,123771693,115430,41431,20552,24697,23782,23178,23221,22269,19162,17109,17451,38068,24428,41769,18036,90070,61401,2541,30530,47397,30718,23074,17208
20253,U,관광특구,3001493,동대문패션타운 관광특구,CS100005,제과점,391088431,40674,325620936,65467495,58663367,66224302,66943146,72139035,61651086,42410112,23057383,215836,117579725,111010793,78191086,78240307,5850684,94658885,256073762,1575089,49975315,87054991,68950867,81593178,61583205,34611,6063,6556,7749,6712,7042,6552,4141,1922,20,14574,12024,6993,6237,826,9426,30083,168,4867,9306,7427,10086,7657
20253,U,관광특구,3001493,동대문패션타운 관광특구,CS100008,분식전문점,1748647979,199985,1269353837,479294142,229979398,260848412,246477744,243205391,288842892,247393381,231900761,94809240,243240207,400299264,285108381,532047331,193143556,780729443,857822939,25828719,324642431,442461486,331512689,292689062,221417999,148218,51767,26463,30476,28079,29685,33515,26469,25298,5945,36607,44431,35055,61054,16893,90447,103087,3112,42236,58833,34139,30872,24338
20253,U,관광특구,3001493,동대문패션타운 관광특구,CS100002,중식음식점,284107973,12948,237198638,46909335,40509206,53460816,45319368,48708295,49200953,31469705,15439630,89611981,30267695,47877669,31622227,46140874,38587527,132969644,79498197,3121314,50853547,86661765,30995451,26434611,14401154,10669,2279,2001,2424,2099,2168,1977,1436,843,4049,851,2294,1923,2185,1646,5370,3551,191,2270,3403,1238,1103,719
20253,U,관광특구,3001493,동대문패션타운 관광특구,CS300014,신발,574283962,5676,518519403,55764559,97311547,131593842,29377526,179765931,80470557,48344500,7420059,21946943,7237288,211502782,233549770,86980188,13066991,221196260,256517933,0,19294998,148863588,67067694,45663725,196824190,4506,1170,1056,564,482,1541,863,966,204,346,125,1406,2157,1462,180,1697,3641,0,433,730,855,842,2479
20253,U,관광특구,3001493,동대문패션타운 관광특구,CS300011,일반의류,82608348797,1560604,61234630945,21373717852,10740823311,16907714232,11284129729,10574438672,11727525001,12428011358,8945706494,10805216915,5019685698,16396265696,19117697356,17366885896,13902597236,22140954227,52148730577,1055553527,12011813006,14432674436,14730225913,16566496656,15492921267,979137,581467,166540,199766,163652,207079,242100,340721,240746,186645,20929,252248,400553,450282,249947,366349,1180824,46465,408517,369868,333513,206923,181890
20253,U,관광특구,3001493,동대문패션타운 관광특구,CS200034,여관,381229424,8448,258068233,123161191,46289222,65687339,41873759,51863275,52354638,74626831,48534360,58408639,50749655,43034454,72650269,100742640,55643767,179619207,84109520,563436,60769073,66390484,68510314,42551150,24944270,5534,2914,1001,1419,1126,972,1016,1572,1342,1517,467,1239,1315,2317,1593,5065,2362,65,2571,2343,1192,857,399
20253,U,관광특구,3001493,동대문패션타운 관광특구,CS300006,미곡판매,15734278,636,15734278,0,3019710,12714568,0,0,0,0,0,0,3019710,12714568,0,0,0,5403692,10330586,0,0,0,0,3019710,12714568,636,0,318,318,0,0,0,0,0,0,318,318,0,0,0,477,159,0,0,0,0,318,318
20253,U,관광특구,3001493,동대문패션타운 관광특구,CS200016,당구장,19843465,1218,14114009,5729456,2034359,3378231,2657920,2227267,3816232,3667521,2061935,932959,0,253697,4941275,6684825,7030709,17302043,1801567,1274479,2260264,1138498,4376378,3350642,6703348,869,349,145,196,149,146,233,232,117,46,0,25,284,482,381,1021,171,94,163,56,238,214,428
20253,U,관광특구,3001493,동대문패션타운 관광특구,CS100010,커피-음료,3108339902,429218,2427554279,680785623,385887277,511862062,476447496,476112788,577244656,342123670,338661953,151737655,355786888,721464077,788886178,787218681,303246423,1198414481,1694070454,68143003,809655947,791691498,587087472,411281821,224625203,336121,93097,63321,75196,65684,70438,61482,45201,47896,27355,75526,101508,83032,90792,51005,192968,220267,6474,98890,125606,82822,66109,33331
20253,U,관광특구,3001493,동대문패션타운 관광특구,CS300031,가구,3469222209,2948,3114995707,354226502,798201895,188164571,139746313,941147025,1047735903,354226502,0,0,0,950697496,2470580238,47944475,0,1943794021,1525428188,0,137640598,2034195317,194715247,177091692,925579355,2774,174,1336,269,268,451,450,174,0,0,0,1430,1336,182,0,1423,1525,0,363,1162,356,443,624
20253,U,관광특구,3001493,동대문패션타운 관광특구,CS300016,안경,465796575,9681,302478823,163317752,58085190,63151426,47671790,57503230,76067187,102022450,61295302,0,7434456,95358109,142991981,207728296,12283733,156359004,309437571,8761867,145139829,144724173,50198255,70644565,46327886,6763,2918,1196,1611,1040,1289,1627,1715,1203,0,89,1926,3070,4268,328,2467,7214,283,3678,2751,1031,1217,721
20253,U,관광특구,3001493,동대문패션타운 관광특구,CS300043,전자상거래업,1711557,10,0,1711557,0,0,0,0,0,1711557,0,0,1711557,0,0,0,0,1711557,0,0,0,0,0,1711557,0,0,10,0,0,0,0,0,10,0,0,10,0,0,0,0,10,0,0,0,0,0,10,0
20253,U,관광특구,3001493,동대문패션타운 관광특구,CS300024,운동/경기용품,27750969097,248280,14144160523,13606808574,2132211421,2556608260,2826175325,2844239810,3784925707,7277187868,6329620706,173878736,866480544,6204189474,10171208913,9541201447,794009983,17084022668,9123117372,567287005,4167238456,5557830480,8521269240,5233777917,2159736938,127683,120597,19094,24896,19745,27388,36560,64829,55768,4435,5399,48665,77425,90500,21856,161227,83979,7794,44362,50538,62994,57145,22370
20253,U,관광특구,3001493,동대문패션타운 관광특구,CS300033,철물점,855265524,15689,835737426,19528098,128537852,212914202,122648043,120185909,251451420,19528098,0,0,54094521,292800779,483386810,24983414,0,405214071,44897729,0,1689699,18321170,17017687,29352494,383730750,13758,1931,2897,2896,2897,1448,3620,1931,0,0,3621,6034,4827,1207,0,7482,2415,0,241,965,1448,2413,4828
20253,U,관광특구,3001493,동대문패션타운 관광특구,CS100001,한식음식점,10791173273,302991,7995705799,2795467474,1436875778,1581488609,1573733411,1581642501,1821965500,1679269919,1116197555,582899426,394121173,3647036204,973675703,3660712520,1532728247,4839760248,3989340713,46918387,1281845344,2084654648,1871617144,1784714472,1759350963,232828,70163,44467,48140,45664,47648,46909,38418,31745,14511,14116,125987,33654,82295,32428,148425,125651,1755,38982,60506,56922,58950,56961
20253,U,관광특구,3001493,동대문패션타운 관광특구,CS100007,치킨전문점,114038296,2281,84622256,29416040,13561393,16552909,17742560,19203019,17562375,15858507,13557533,4743853,0,1393019,7891319,45207109,54802996,63961357,42049690,2510099,26347592,24632155,20311546,17943538,14266118,1608,673,258,308,334,371,337,345,328,80,0,29,140,1058,974,1262,956,60,651,479,364,379,284
20253,U,관광특구,3001493,동대문패션타운 관광특구,CS200029,네일숍,18463009,186,15284838,3178171,4076606,2024195,870021,897707,7416309,1571507,1606664,0,0,405157,5912249,10136434,2009169,2662337,12106091,0,2132322,5945314,672072,3257293,2761427,146,40,29,36,15,22,44,24,16,0,0,15,44,103,24,46,133,0,30,52,22,53,22
20253,U,관광특구,3001493,동대문패션타운 관광특구,CS200037,노래방,20893621,356,13769987,7123634,320564,1289378,3027545,3960741,5171759,5698907,1424727,4893937,712363,0,0,3098781,12188540,14475226,4566250,0,2578756,3861010,10521610,1303625,776476,221,135,7,35,28,65,86,100,35,92,7,0,0,56,201,286,63,0,63,78,157,21,28
20253,U,관광특구,3001493,동대문패션타운 관광특구,CS300015,가방,68853695,2091,40477871,28375824,7451485,1528115,7663004,14432089,9403178,13155768,15220056,0,1002367,12390022,26309757,16301546,12850003,28454377,39053424,1964542,9553934,2969203,22264896,13509629,17245597,1366,725,307,96,281,363,319,407,318,0,76,337,831,602,245,884,1137,47,362,125,500,373,613
20253,U,관광특구,3001493,동대문패션타운 관광특구,CS200017,골프연습장,233941851,6083,164638553,69303298,42164163,37990514,32238312,24485021,27760543,26525648,42777650,1487299,4691466,40544084,22347220,97651440,67220342,165116404,48519153,0,106275,34883051,47324974,87741276,43579982,4090,1993,915,877,1029,594,675,834,1159,24,206,1438,776,2209,1430,4106,1730,0,5,1124,1264,2118,1326
20253,U,관광특구,3001493,동대문패션타운 관광특구,CS300001,슈퍼마켓,3595707390,532843,2769584770,826122620,531579197,551306201,553179193,558372095,575148084,360769060,465353560,636576732,625187549,460111664,468154574,833392142,572284729,1932695392,1392435201,56497116,684285706,997950170,669311283,538547449,378538868,421804,111039,81666,90169,85658,85914,78397,48598,62441,104085,95403,63652,65068,118625,86010,307968,209599,7549,105372,169315,98516,81272,55548
20253,U,관광특구,3001493,동대문패션타운 관광특구,CS300021,문구,12449028,175,10891822,1557206,380270,4914862,0,0,5596690,1557206,0,0,4914862,4183606,3350560,0,0,7541261,4907767,0,0,827468,0,6706698,4914862,169,6,6,137,0,0,26,6,0,0,137,13,25,0,0,143,32,0,0,13,0,25,137
20253,U,관광특구,3001493,동대문패션타운 관광특구,CS200019,PC방,468000000,86725,301348485,166651515,59555698,55968516,67308318,54734274,63781679,94011918,72639597,70910447,30163525,74727393,107224780,132958088,52015767,362098236,105901764,24222142,233289906,138526443,46515626,21045596,4400287,56460,30265,11014,10684,12584,10051,12127,16810,13455,11165,5366,14715,21573,23778,10128,64353,22372,5427,42559,25195,7803,5120,621
20253,U,관광특구,3001493,동대문패션타운 관광특구,CS300022,화장품,1222331636,35958,808013805,414317831,150456848,172151971,174906254,134827796,175670936,274238736,140079095,145362877,41155213,114729830,179234592,374604997,367244127,555830814,654990756,31929397,218761267,425727663,119798845,274667875,139936523,23182,12776,4064,4497,5123,4296,5202,7920,4856,5316,757,4640,6070,10822,8353,12677,22977,1250,8504,10185,4070,6003,5644
20253,U,관광특구,3001493,동대문패션타운 관광특구,CS200006,일반의원,1261997247,21064,1117305414,144691833,296137963,212457308,189759142,204883095,214067906,131081621,13610212,0,154922590,375982157,451466185,279626315,0,356541266,905455981,1519427,90198432,241595438,245657538,315968649,367057763,18501,2563,4793,3662,3296,3122,3628,2230,333,0,3370,6575,7289,3830,0,9428,11636,35,2199,4252,3666,4060,6852
20253,U,관광특구,3001493,동대문패션타운 관광특구,CS300035,인테리어,474445285,4682,353796939,120648346,5907664,33789439,231038400,9599771,73461665,99882987,20765359,0,62716067,18936135,223084930,169708153,0,142811232,273600801,0,0,79783465,13360657,201587881,121680029,3219,1463,146,585,1024,439,1025,1317,146,0,1025,585,2487,585,0,1902,1902,0,0,585,146,2049,1025
20253,U,관광특구,3001493,동대문패션타운 관광특구,CS300028,화초,17640903,516,14982256,2658647,2533534,2252030,2345865,2533533,5317294,2658647,0,0,2345865,1563910,5270376,8226166,234586,5207819,8538948,860150,1141654,4863759,641203,3909776,2330226,469,47,48,94,108,78,141,47,0,0,47,16,187,250,16,235,235,48,62,188,47,78,47
20254,U,관광특구,3001493,동대문패션타운 관광특구,CS300043,전자상거래업,4020585,59,1929686,2090899,0,0,1270173,0,659513,258920,1831979,0,0,2198376,1822209,0,0,317543,3703042,0,600889,1577945,571578,0,1270173,20,39,0,0,5,0,15,5,34,0,0,25,34,0,0,10,49,0,10,29,15,0,5
20254,U,관광특구,3001493,동대문패션타운 관광특구,CS300006,미곡판매,159567833,1272,153210549,6357284,24475544,78830324,0,40050891,9853790,6357284,0,0,6357284,85187608,53083323,14939618,0,57851286,101716547,0,0,0,0,3496506,156071327,1113,159,159,159,0,477,318,159,0,0,159,318,636,159,0,477,795,0,0,0,0,159,1113
20254,U,관광특구,3001493,동대문패션타운 관광특구,CS100006,패스트푸드점,1263718012,133017,944801546,318916466,163353437,170645825,213810117,196957703,200034464,174071857,144844609,164465312,154540047,308144528,192487614,294287102,149793409,683909980,488502089,24203430,219271047,362921673,255122130,197395908,113497883,98661,34356,17388,18290,22138,20395,20450,18491,15865,14978,16608,31909,20726,33175,15621,75019,53303,2703,24917,38775,27693,20005,14223
20254,U,관광특구,3001493,동대문패션타운 관광특구,CS300001,슈퍼마켓,3592142784,502340,2800689756,791453028,547927724,512296876,605969017,589965278,544530861,377247661,414205367,631032392,553092631,509261085,517483481,863824400,517448795,1965094077,1412297966,81782787,711600741,1029949030,701648532,529267243,323143711,398001,104339,76763,76760,88746,85773,69959,48009,56330,96474,86729,63444,62289,112979,80425,287161,203926,9455,102522,167680,95598,72847,42992
20254,U,관광특구,3001493,동대문패션타운 관광특구,CS100004,양식음식점,2645935752,75791,1642071558,1003864194,275378558,286901136,370263107,353957398,355571359,519770925,484093269,4050958,38245950,890818405,522002751,1048239567,142578121,1336916573,1021277167,59013732,536076083,627387308,460053118,402329346,273334158,48230,27561,7397,8621,11247,10040,10925,14516,13045,189,982,22735,17651,29989,4245,40765,31965,2281,19668,22394,12781,9910,5700
20254,U,관광특구,3001493,동대문패션타운 관광특구,CS100010,커피-음료,2291665708,388314,1732474793,559190915,309916040,359547586,400848301,345670217,316492649,276814332,282376583,128307206,303454586,614292367,525683837,479962621,239965091,909670521,1157025310,39594910,473103429,637068112,402336249,324393584,190199551,307077,81237,57617,63929,70758,62356,52417,38129,43108,23295,71392,100486,73245,75483,44413,172197,198125,7882,91562,111904,71517,58014,29434
20254,U,관광특구,3001493,동대문패션타운 관광특구,CS300031,가구,1093207084,1416,931757695,161449389,50728089,0,560793369,87481111,232755126,161449389,0,0,95713376,73870922,845713013,77909773,0,307324547,567656041,0,0,87481111,38456973,403517217,345525286,1234,182,174,0,261,269,530,182,0,0,87,356,791,182,0,530,625,0,0,269,269,356,261
20254,U,관광특구,3001493,동대문패션타운 관광특구,CS300017,시계및귀금속,83628148,87,0,83628148,0,0,0,0,0,0,83628148,0,0,0,0,0,83628148,83628148,0,0,0,0,0,0,83628148,0,87,0,0,0,0,0,0,87,0,0,0,0,0,87,87,0,0,0,0,0,0,87
20254,U,관광특구,3001493,동대문패션타운 관광특구,CS200019,PC방,468000000,90976,296313308,171686692,54679506,44967427,64278608,66280709,66107058,90176826,81509866,66125533,40543955,64412341,84596609,140152630,72168932,374762944,93237056,23739005,258736619,107811577,50178104,23836018,3698677,58456,32520,12091,9438,12273,12270,12384,17020,15500,10487,6558,12005,19768,30056,12102,69199,21777,5629,47991,21284,9225,6208,639
20254,U,관광특구,3001493,동대문패션타운 관광특구,CS200006,일반의원,1352596671,20790,1156878316,195718355,289716900,198930434,226682477,212277593,229270912,182032587,13685768,0,173500279,442303028,399665342,337128022,0,427548380,925048291,14511311,126231852,260834051,331056838,275604952,344357667,18285,2505,4615,3065,3741,3018,3846,2227,278,0,3596,6742,6214,4238,0,9086,11704,66,2451,3883,3963,4233,6194
20254,U,관광특구,3001493,동대문패션타운 관광특구,CS100003,일식음식점,339619928,8961,270268811,69351117,30843729,62128685,53921479,56655393,66719525,69351117,0,0,0,101949242,67932894,169737792,0,150368433,160225191,614564,72271607,113883329,57453800,46943190,19427138,7375,1586,883,1743,1608,1471,1670,1586,0,0,0,2626,1817,4518,0,3361,5032,32,1922,2972,1460,1355,651
20254,U,관광특구,3001493,동대문패션타운 관광특구,CS200034,여관,332207231,6522,215319600,116887631,31101501,46322675,48378543,41034803,48482078,69904960,46982671,60008356,46120315,45043842,38311792,81958369,60764557,247663379,55013294,949752,54156722,85861495,46090509,35572980,80045217,4191,2331,720,712,809,963,987,1299,1032,1253,303,827,1055,1799,1285,4627,1587,75,2225,1709,952,557,693
20254,U,관광특구,3001493,동대문패션타운 관광특구,CS200037,노래방,25773310,399,22418079,3355231,1873516,1189647,3397973,2828083,13128860,3105904,249327,3077410,0,0,0,1773785,20922115,13285578,6240305,0,3348108,9004275,4309799,2201203,662498,308,91,43,42,57,51,115,77,14,99,0,0,0,43,257,185,186,0,99,100,86,64,21
20254,U,관광특구,3001493,동대문패션타운 관광특구,CS300033,철물점,924519063,15448,894225165,30293898,250811747,361764656,153497127,98195678,29955957,30293898,0,0,180363348,144783105,597441525,1931085,0,401967435,30293898,0,5551870,16776302,23897178,24235118,361800864,13999,1449,3861,2896,1207,2897,3138,1449,0,0,3620,5070,6517,241,0,6758,2173,0,483,1690,1207,1931,3621
20254,U,관광특구,3001493,동대문패션타운 관광특구,CS100009,호프-간이주점,1364318935,35957,897662672,466656263,143952168,146558015,215367207,183644080,208141202,269241140,197415123,100899703,13184745,92146101,235785289,561015967,361287130,715955676,586226322,82158664,438566775,388432346,156901942,170536148,65586121,23304,12653,4595,4166,4948,4463,5132,6647,6006,1696,279,3430,8233,15089,7230,18480,16514,2288,13847,9245,4128,3730,1754
20254,U,관광특구,3001493,동대문패션타운 관광특구,CS100008,분식전문점,1866670692,227112,1364095061,502575631,230817648,254834805,313138019,277377521,287927068,262574028,240001603,101502196,251904752,381303509,334460774,579656011,217843450,831169752,934419111,42892992,402818474,451346526,371008649,305740514,191781709,167701,59411,29938,31815,38135,33422,34391,31770,27641,6360,40103,44271,43836,69358,23184,100122,120710,6757,55304,60662,39428,37443,21237
20254,U,관광특구,3001493,동대문패션타운 관광특구,CS300035,인테리어,283917628,2926,257210947,26706681,7170561,93217292,49989053,81722444,25111597,26706681,0,0,31389497,67900822,125067752,59559557,0,136167488,14348439,0,0,41852662,14633798,33738221,60291247,2341,585,292,586,585,732,146,585,0,0,585,585,1610,146,0,1171,732,0,0,292,293,1024,292
20254,U,관광특구,3001493,동대문패션타운 관광특구,CS200030,피부관리실,78226132,604,64139942,14086190,17515528,6667900,10107502,19529051,10319961,7418334,6667856,7077037,2870466,9239335,22260017,20012859,16766418,39827001,35725717,416700,12311267,16049206,11150741,13966775,21658029,451,153,99,86,69,139,58,81,72,58,21,91,137,202,95,358,223,3,52,154,98,195,80
20254,U,관광특구,3001493,동대문패션타운 관광특구,CS300011,일반의류,84453856133,1343571,64292260918,20161595215,10905599478,14235891445,13670833586,11962202992,13517733417,11290755280,8870839935,8746020844,7897675443,18528959463,18764486074,17124067653,13392646656,24549389056,51403326956,1313429091,11597049243,13992740882,12635823055,15303250447,21110423291,873096,470475,147510,160128,185994,184531,194933,263513,206962,164268,19827,209391,359773,383266,207046,329668,999586,47769,381165,298778,259738,174851,166955
20254,U,관광특구,3001493,동대문패션타운 관광특구,CS300015,가방,96526427,2523,53232535,43293892,9354977,1135278,10126340,13167245,19448695,24238322,19055570,3016659,994418,25273237,26135079,32605440,8501594,29874507,66651920,391053,16340200,13303403,16644639,28894839,20952293,1485,1038,268,79,306,350,482,638,400,69,76,534,724,871,249,792,1731,51,299,387,431,736,619
20254,U,관광특구,3001493,동대문패션타운 관광특구,CS300022,화장품,3387837037,40079,3000443474,387393563,310100130,161581266,244443364,443056632,1841262082,150508843,236884720,1858489788,24128281,127882331,218399241,544501800,614435596,2597677240,784404764,79489081,309206092,2118015834,176111697,224140117,475119184,29506,10573,5701,5228,7587,4837,6153,4668,5905,6795,751,4417,6149,12714,9253,13064,26863,1284,11029,10198,5307,5455,6655
20254,U,관광특구,3001493,동대문패션타운 관광특구,CS100001,한식음식점,12183485765,325921,9301589640,2881896125,1611231294,1693518721,1907638563,2051482911,2037718151,1715284798,1166611327,585376859,433789348,4057402642,1235368189,4268222567,1603326160,5241779034,4310662810,66311331,1337852996,2291669636,1859030804,2100388904,1897188170,251820,74101,46855,49249,55923,50293,49500,41446,32655,14497,15538,135832,40079,87570,32405,160498,132688,2312,40055,64773,59580,65202,61268
20254,U,관광특구,3001493,동대문패션타운 관광특구,CS200029,네일숍,16547863,198,15016672,1531191,1393021,1707771,5175026,5032363,1708491,0,1531191,0,682072,3213331,3687685,8013106,951669,2859756,13688107,0,2453016,4698718,909429,7994093,492607,183,15,15,37,50,43,38,0,15,0,7,45,51,73,22,52,146,0,50,23,15,94,16
20254,U,관광특구,3001493,동대문패션타운 관광특구,CS300018,의약품,2122165563,84648,2045440700,76724863,391075054,439591530,391581613,521800894,301391609,51753795,24971068,37729574,466097737,621544715,801730834,168526107,26536596,1160583081,957653941,4757054,125451594,368885596,366730981,425944355,826467442,78216,6432,17554,14943,15409,16261,14049,4380,2052,3061,15121,24149,25709,13921,2687,41119,43336,430,10816,18853,15630,15652,23075
20254,U,관광특구,3001493,동대문패션타운 관광특구,CS200007,치과의원,766161281,5866,709828496,56332785,140074698,149431901,159441049,110242189,150638659,56332785,0,0,33457479,224252961,347970831,160480010,0,378643707,371748560,0,35639937,117037907,106640828,166230679,324842915,5366,500,1166,1224,1239,597,1140,500,0,0,904,1764,2006,1192,0,2669,3130,0,506,1151,867,1314,1963
20254,U,관광특구,3001493,동대문패션타운 관광특구,CS100002,중식음식점,286908045,12308,243563959,43344086,43576935,43482587,52679607,57061895,46762935,31396374,11947712,94166977,25313340,47601862,42113825,39246187,38465854,118625144,84199472,3064154,47512379,85143894,32871295,22226109,12006786,10254,2054,1904,1909,2278,2235,1928,1317,737,3771,702,2163,2187,1880,1605,4724,3584,174,2200,3313,1149,881,592
20254,U,관광특구,3001493,동대문패션타운 관광특구,CS200024,스포츠클럽,2000000,37,1852466,147534,1737431,34591,24133,28960,27351,24133,123401,0,8849,33786,469632,1487733,0,1844421,155579,0,394498,1492559,34913,61137,16893,26,11,12,7,3,1,3,5,6,0,1,5,13,18,0,19,18,0,10,18,3,3,3
20254,U,관광특구,3001493,동대문패션타운 관광특구,CS300014,신발,920137761,6598,743259173,176878588,210372003,180984510,134605502,97332181,119964977,122209280,54669308,25114997,136271230,288477923,361190824,95536273,13546514,386598143,421317290,2397613,28988702,331953259,143170945,114763604,186641310,3971,2627,797,775,868,678,853,1805,822,120,332,1841,2335,1670,300,2208,4114,120,540,997,1350,1363,1951
20254,U,관광특구,3001493,동대문패션타운 관광특구,CS200017,골프연습장,201730516,5998,133011118,68719398,27169778,29711909,29867379,23914496,22347556,38707614,30011784,0,6567354,48904671,27886573,74269712,44102206,159147221,42583295,0,4036155,29692241,33864782,90319687,43817651,4097,1901,830,881,877,769,740,998,903,0,298,1828,890,2029,953,4305,1693,0,93,929,1237,2250,1489
20254,U,관광특구,3001493,동대문패션타운 관광특구,CS300004,핸드폰,3709695253,234894,2772035609,937659644,534812216,500989796,648016425,579304086,508913086,447874147,489785497,0,261933537,1444687188,713374973,1171894527,117805028,1528703829,1808911703,66763837,891975860,1056554845,607719980,450082678,264518331,192549,42345,38267,37385,42679,39369,34849,22165,20180,0,56794,82596,38157,53264,4083,98939,118089,5103,56822,63940,42721,34318,14126
20254,U,관광특구,3001493,동대문패션타운 관광특구,CS300002,편의점,5387933448,648482,3996427694,1391505754,768571892,761912275,871062321,767131482,827749724,718764142,672741612,493322233,685981785,772110473,920165531,1683442524,832910902,2582340247,2741214333,89803017,1327185490,1589329359,1059736614,850620460,406879639,490230,158252,91264,95476,107971,98363,97156,82796,75456,70272,118659,94202,102822,171965,90562,355543,289435,11144,150525,195512,130095,99369,58335
20254,U,관광특구,3001493,동대문패션타운 관광특구,CS100005,제과점,384283019,38799,319849898,64433121,58729359,61797467,65971761,74537576,58813735,41315193,23117928,0,103149890,117499774,74933938,76348666,12350751,94023192,244848957,1400548,44112890,83670505,70710529,81709793,57267884,32578,6221,5981,6699,6845,6728,6325,4249,1972,0,12691,11982,6522,6322,1282,10028,27674,196,4470,8543,7750,9931,6811
20254,U,관광특구,3001493,동대문패션타운 관광특구,CS300003,컴퓨터및주변장치판매,22473161,49,22383525,89636,0,0,0,224090,22159435,89636,0,0,0,224090,0,22249071,0,22249071,224090,0,89636,224090,6473161,15686274,0,41,8,0,0,0,17,24,8,0,0,0,16,0,33,0,32,17,0,8,17,16,8,0
20254,U,관광특구,3001493,동대문패션타운 관광특구,CS200016,당구장,17739544,1018,12419698,5319846,1792745,1614209,4133445,2244085,2635214,3396914,1922932,1039860,0,887250,2470332,6174128,7167974,16410617,1328927,1152714,2202761,1282395,3141830,2571354,7388490,770,248,110,117,191,163,189,135,113,36,0,52,159,414,357,893,125,87,132,90,187,161,361
20254,U,관광특구,3001493,동대문패션타운 관광특구,CS200028,미용실,190822885,3255,146658865,44164020,16280082,26565071,34160003,37711283,31942426,37557007,6607013,7516578,2466091,34724564,67137702,69599899,9378051,80825680,106583727,252355,33727112,74649921,39989280,30041072,8749669,2512,743,250,512,595,623,532,550,193,171,77,876,918,1029,184,2082,1143,9,515,1374,617,519,190
20254,U,관광특구,3001493,동대문패션타운 관광특구,CS300024,운동/경기용품,18690969266,169422,10513924407,8177044859,1515112568,1978579705,2327248717,2156623518,2536359899,4272973390,3904071469,155877447,448043810,4195990733,7048286885,6413958589,428811802,11121043840,6386847740,613416038,2416555750,3037314646,5923294340,3793736039,1723574767,96141,73281,11287,17666,20401,21770,25017,35733,37548,3801,4612,35466,53098,61003,11442,108923,57261,6144,26011,30614,48469,37967,16980
20254,U,관광특구,3001493,동대문패션타운 관광특구,CS300016,안경,481298824,8958,299738962,181559862,48173294,42923646,71754560,63096305,73791157,102067159,79492703,0,4139304,70285711,181281506,207358301,18234002,128722857,352575967,18137435,148741933,114741858,98663676,61863311,39150611,5865,3093,1058,804,1366,1112,1525,1650,1443,0,22,1583,3023,3877,453,2160,6798,426,3327,2259,1456,1035,455
20254,U,관광특구,3001493,동대문패션타운 관광특구,CS300028,화초,32254075,657,28891669,3362406,3831579,3534436,2815037,12698947,6011670,3049624,312782,0,3722106,9999638,6255639,12276692,0,9727519,4848120,0,3518797,4410226,2658647,860150,3127820,546,111,93,78,94,141,140,95,16,0,63,186,189,219,0,297,172,0,141,203,47,32,47
20254,U,관광특구,3001493,동대문패션타운 관광특구,CS100007,치킨전문점,112436496,2161,85544893,26891603,15879160,14720489,25251377,11167339,18526528,13469300,13422303,5159019,0,271860,5711169,47782260,53512188,52374799,35170690,1940954,22090215,22729403,12746235,15301299,12737384,1588,573,287,319,345,240,397,291,282,83,0,12,110,986,970,1112,843,71,565,485,257,325,254
