stdr_yyqu_cd,trdar_se_cd,trdar_se_cd_nm,trdar_cd,trdar_cd_nm,svc_induty_cd,svc_induty_cd_nm,stor_co,similr_induty_stor_co,opbiz_rt,opbiz_stor_co,clsbiz_rt,clsbiz_stor_co,frc_stor_co
20251,U,관광특구,3001493,동대문패션타운 관광특구,CS100001,한식음식점,125,156,2,3,3,4,31
20251,U,관광특구,3001493,동대문패션타운 관광특구,CS100002,중식음식점,25,28,0,0,0,0,3
20251,U,관광특구,3001493,동대문패션타운 관광특구,CS100003,일식음식점,14,17,0,0,0,0,3
20251,U,관광특구,3001493,동대문패션타운 관광특구,CS100004,양식음식점,39,49,2,1,0,0,10
20251,U,관광특구,3001493,동대문패션타운 관광특구,CS100005,제과점,12,21,0,0,10,2,9
20251,U,관광특구,3001493,동대문패션타운 관광특구,CS100006,패스트푸드점,13,26,0,0,0,0,13
20251,U,관광특구,3001493,동대문패션타운 관광특구,CS100007,치킨전문점,5,15,0,0,0,0,10
20251,U,관광특구,3001493,동대문패션타운 관광특구,CS100008,분식전문점,40,55,0,0,2,1,15
20251,U,관광특구,3001493,동대문패션타운 관광특구,CS100009,호프-간이주점,19,28,7,2,4,1,9
20251,U,관광특구,3001493,동대문패션타운 관광특구,CS100010,커피-음료,77,113,3,3,4,5,36
20251,U,관광특구,3001493,동대문패션타운 관광특구,CS200001,일반교습학원,8,9,0,0,0,0,1
20251,U,관광특구,3001493,동대문패션타운 관광특구,CS200002,외국어학원,1,1,0,0,0,0,0
20251,U,관광특구,3001493,동대문패션타운 관광특구,CS200005,스포츠 강습,8,8,0,0,0,0,0
20251,U,관광특구,3001493,동대문패션타운 관광특구,CS200006,일반의원,17,17,6,1,6,1,0
20251,U,관광특구,3001493,동대문패션타운 관광특구,CS200007,치과의원,10,10,0,0,0,0,0
20251,U,관광특구,3001493,동대문패션타운 관광특구,CS200008,한의원,2,2,0,0,0,0,0
20251,U,관광특구,3001493,동대문패션타운 관광특구,CS200009,동물병원,1,1,0,0,0,0,0
20251,U,관광특구,3001493,동대문패션타운 관광특구,CS200010,변호사사무소,4,4,0,0,0,0,0
20251,U,관광특구,3001493,동대문패션타운 관광특구,CS200012,법무사사무소,1,1,0,0,0,0,0
20251,U,관광특구,3001493,동대문패션타운 관광특구,CS200013,기타법무서비스,9,9,0,0,0,0,0
20251,U,관광특구,3001493,동대문패션타운 관광특구,CS200014,회계사사무소,3,3,0,0,0,0,0
20251,U,관광특구,3001493,동대문패션타운 관광특구,CS200015,세무사사무소,36,36,0,0,0,0,0
20251,U,관광특구,3001493,동대문패션타운 관광특구,CS200016,당구장,7,7,0,0,0,0,0
20251,U,관광특구,3001493,동대문패션타운 관광특구,CS200017,골프연습장,4,4,0,0,0,0,0
20251,U,관광특구,3001493,동대문패션타운 관광특구,CS200018,볼링장,2,2,0,0,0,0,0
20251,U,관광특구,3001493,동대문패션타운 관광특구,CS200019,PC방,1,1,0,0,0,0,0
20251,U,관광특구,3001493,동대문패션타운 관광특구,CS200020,전자게임장,2,2,0,0,0,0,0
20251,U,관광특구,3001493,동대문패션타운 관광특구,CS200021,기타오락장,6,6,0,0,0,0,0
20251,U,관광특구,3001493,동대문패션타운 관광특구,CS200022,복권방,2,2,0,0,0,0,0
20251,U,관광특구,3001493,동대문패션타운 관광특구,CS200023,통신기기수리,2,2,0,0,0,0,0
20251,U,관광특구,3001493,동대문패션타운 관광특구,CS200024,스포츠클럽,2,2,0,0,100,2,0
20251,U,관광특구,3001493,동대문패션타운 관광특구,CS200025,자동차수리,1,1,0,0,0,0,0
20251,U,관광특구,3001493,동대문패션타운 관광특구,CS200026,자동차미용,2,2,0,0,50,1,0
20251,U,관광특구,3001493,동대문패션타운 관광특구,CS200027,모터사이클수리,1,1,0,0,0,0,0
20251,U,관광특구,3001493,동대문패션타운 관광특구,CS200028,미용실,23,28,0,0,4,1,5
20251,U,관광특구,3001493,동대문패션타운 관광특구,CS200029,네일숍,14,15,0,0,7,1,1
20251,U,관광특구,3001493,동대문패션타운 관광특구,CS200030,피부관리실,28,30,10,3,3,1,2
20251,U,관광특구,3001493,동대문패션타운 관광특구,CS200031,세탁소,4,4,0,0,0,0,0
20251,U,관광특구,3001493,동대문패션타운 관광특구,CS200032,가전제품수리,1,1,0,0,0,0,0
20251,U,관광특구,3001493,동대문패션타운 관광특구,CS200033,부동산중개업,109,109,0,0,1,1,0
20251,U,관광특구,3001493,동대문패션타운 관광특구,CS200034,여관,18,20,0,0,5,1,2
20251,U,관광특구,3001493,동대문패션타운 관광특구,CS200035,게스트하우스,11,11,0,0,0,0,0
20251,U,관광특구,3001493,동대문패션타운 관광특구,CS200037,노래방,4,4,0,0,0,0,0
20251,U,관광특구,3001493,동대문패션타운 관광특구,CS200038,독서실,2,2,0,0,0,0,0
20251,U,관광특구,3001493,동대문패션타운 관광특구,CS200039,DVD방,1,1,0,0,0,0,0
20251,U,관광특구,3001493,동대문패션타운 관광특구,CS200040,녹음실,1,1,0,0,0,0,0
20251,U,관광특구,3001493,동대문패션타운 관광특구,CS200041,사진관,9,11,0,0,18,2,2
20251,U,관광특구,3001493,동대문패션타운 관광특구,CS200042,통번역서비스,2,2,0,0,50,1,0
20251,U,관광특구,3001493,동대문패션타운 관광특구,CS200043,건축물청소,6,6,0,0,0,0,0
20251,U,관광특구,3001493,동대문패션타운 관광특구,CS200044,여행사,41,41,0,0,0,0,0
20251,U,관광특구,3001493,동대문패션타운 관광특구,CS200045,비디오/서적임대,1,1,0,0,0,0,0
20251,U,관광특구,3001493,동대문패션타운 관광특구,CS200047,가정용품임대,2,2,0,0,0,0,0
20251,U,관광특구,3001493,동대문패션타운 관광특구,CS300001,슈퍼마켓,71,81,1,1,1,1,10
20251,U,관광특구,3001493,동대문패션타운 관광특구,CS300002,편의점,6,35,3,1,0,0,29
20251,U,관광특구,3001493,동대문패션타운 관광특구,CS300003,컴퓨터및주변장치판매,3,3,33,1,0,0,0
20251,U,관광특구,3001493,동대문패션타운 관광특구,CS300004,핸드폰,64,64,0,0,2,1,0
20251,U,관광특구,3001493,동대문패션타운 관광특구,CS300005,주류도매,1,1,0,0,0,0,0
20251,U,관광특구,3001493,동대문패션타운 관광특구,CS300006,미곡판매,17,17,0,0,12,2,0
20251,U,관광특구,3001493,동대문패션타운 관광특구,CS300007,육류판매,3,3,0,0,0,0,0
20251,U,관광특구,3001493,동대문패션타운 관광특구,CS300009,청과상,8,8,0,0,0,0,0
20251,U,관광특구,3001493,동대문패션타운 관광특구,CS300010,반찬가게,10,11,0,0,0,0,1
20251,U,관광특구,3001493,동대문패션타운 관광특구,CS300011,일반의류,11433,11444,0,27,3,287,11
20251,U,관광특구,3001493,동대문패션타운 관광특구,CS300012,한복점,8,8,0,0,0,0,0
20251,U,관광특구,3001493,동대문패션타운 관광특구,CS300013,유아의류,64,70,1,1,0,0,6
20251,U,관광특구,3001493,동대문패션타운 관광특구,CS300014,신발,259,260,0,0,3,7,1
20251,U,관광특구,3001493,동대문패션타운 관광특구,CS300015,가방,94,94,2,2,2,2,0
20251,U,관광특구,3001493,동대문패션타운 관광특구,CS300016,안경,18,24,0,0,4,1,6
20251,U,관광특구,3001493,동대문패션타운 관광특구,CS300017,시계및귀금속,27,27,0,0,0,0,0
20251,U,관광특구,3001493,동대문패션타운 관광특구,CS300018,의약품,21,21,5,1,0,0,0
20251,U,관광특구,3001493,동대문패션타운 관광특구,CS300019,의료기기,1,1,0,0,0,0,0
20251,U,관광특구,3001493,동대문패션타운 관광특구,CS300020,서적,22,22,5,1,0,0,0
20251,U,관광특구,3001493,동대문패션타운 관광특구,CS300021,문구,14,15,0,0,0,0,1
20251,U,관광특구,3001493,동대문패션타운 관광특구,CS300022,화장품,121,140,2,3,2,3,19
20251,U,관광특구,3001493,동대문패션타운 관광특구,CS300023,미용재료,3,3,0,0,0,0,0
20251,U,관광특구,3001493,동대문패션타운 관광특구,CS300024,운동/경기용품,59,59,0,0,0,0,0
20251,U,관광특구,3001493,동대문패션타운 관광특구,CS300025,자전거 및 기타운송장비,2,2,0,0,0,0,0
20251,U,관광특구,3001493,동대문패션타운 관광특구,CS300026,완구,10,10,0,0,0,0,0
20251,U,관광특구,3001493,동대문패션타운 관광특구,CS300027,섬유제품,28,28,4,1,4,1,0
20251,U,관광특구,3001493,동대문패션타운 관광특구,CS300028,화초,3,3,0,0,0,0,0
20251,U,관광특구,3001493,동대문패션타운 관광특구,CS300029,애완동물,5,6,0,0,0,0,1
20251,U,관광특구,3001493,동대문패션타운 관광특구,CS300030,중고가구,7,7,0,0,14,1,0
20251,U,관광특구,3001493,동대문패션타운 관광특구,CS300031,가구,29,29,0,0,3,1,0
20251,U,관광특구,3001493,동대문패션타운 관광특구,CS300032,가전제품,8,8,0,0,0,0,0
20251,U,관광특구,3001493,동대문패션타운 관광특구,CS300033,철물점,3,3,0,0,33,1,0
20251,U,관광특구,3001493,동대문패션타운 관광특구,CS300035,인테리어,23,23,9,2,4,1,0
20251,U,관광특구,3001493,동대문패션타운 관광특구,CS300036,조명용품,6,6,0,0,0,0,0
20251,U,관광특구,3001493,동대문패션타운 관광특구,CS300038,자동차부품,6,6,0,0,0,0,0
20251,U,관광특구,3001493,동대문패션타운 관광특구,CS300039,모터사이클및부품,3,3,0,0,0,0,0
20251,U,관광특구,3001493,동대문패션타운 관광특구,CS300040,재생용품 판매점,2,2,0,0,0,0,0
20251,U,관광특구,3001493,동대문패션타운 관광특구,CS300041,예술품,6,6,0,0,0,0,0
20251,U,관광특구,3001493,동대문패션타운 관광특구,CS300043,전자상거래업,64,64,0,0,5,3,0
20252,U,관광특구,3001493,동대문패션타운 관광특구,CS100001,한식음식점,124,155,2,3,3,4,31
20252,U,관광특구,3001493,동대문패션타운 관광특구,CS100002,중식음식점,25,28,0,0,0,0,3
20252,U,관광특구,3001493,동대문패션타운 관광특구,CS100003,일식음식점,15,18,6,1,0,0,3
20252,U,관광특구,3001493,동대문패션타운 관광특구,CS100004,양식음식점,38,48,0,0,2,1,10
20252,U,관광특구,3001493,동대문패션타운 관광특구,CS100005,제과점,11,20,5,1,10,2,9
20252,U,관광특구,3001493,동대문패션타운 관광특구,CS100006,패스트푸드점,12,25,0,0,4,1,13
20252,U,관광특구,3001493,동대문패션타운 관광특구,CS100007,치킨전문점,4,14,0,0,7,1,10
20252,U,관광특구,3001493,동대문패션타운 관광특구,CS100008,분식전문점,41,56,2,1,0,0,15
20252,U,관광특구,3001493,동대문패션타운 관광특구,CS100009,호프-간이주점,18,27,4,1,7,2,9
20252,U,관광특구,3001493,동대문패션타운 관광특구,CS100010,커피-음료,75,112,4,4,5,5,37
20252,U,관광특구,3001493,동대문패션타운 관광특구,CS200001,일반교습학원,8,9,0,0,0,0,1
20252,U,관광특구,3001493,동대문패션타운 관광특구,CS200002,외국어학원,1,1,0,0,0,0,0
20252,U,관광특구,3001493,동대문패션타운 관광특구,CS200005,스포츠 강습,8,8,0,0,0,0,0
20252,U,관광특구,3001493,동대문패션타운 관광특구,CS200006,일반의원,17,17,0,0,0,0,0
20252,U,관광특구,3001493,동대문패션타운 관광특구,CS200007,치과의원,10,10,0,0,0,0,0
20252,U,관광특구,3001493,동대문패션타운 관광특구,CS200008,한의원,2,2,0,0,0,0,0
20252,U,관광특구,3001493,동대문패션타운 관광특구,CS200009,동물병원,1,1,0,0,0,0,0
20252,U,관광특구,3001493,동대문패션타운 관광특구,CS200010,변호사사무소,4,4,0,0,0,0,0
20252,U,관광특구,3001493,동대문패션타운 관광특구,CS200012,법무사사무소,1,1,0,0,0,0,0
20252,U,관광특구,3001493,동대문패션타운 관광특구,CS200013,기타법무서비스,10,10,10,1,0,0,0
20252,U,관광특구,3001493,동대문패션타운 관광특구,CS200014,회계사사무소,3,3,0,0,0,0,0
20252,U,관광특구,3001493,동대문패션타운 관광특구,CS200015,세무사사무소,37,37,3,1,0,0,0
20252,U,관광특구,3001493,동대문패션타운 관광특구,CS200016,당구장,7,7,0,0,0,0,0
20252,U,관광특구,3001493,동대문패션타운 관광특구,CS200017,골프연습장,4,4,0,0,0,0,0
20252,U,관광특구,3001493,동대문패션타운 관광특구,CS200018,볼링장,2,2,0,0,0,0,0
20252,U,관광특구,3001493,동대문패션타운 관광특구,CS200019,PC방,3,3,67,2,0,0,0
20252,U,관광특구,3001493,동대문패션타운 관광특구,CS200020,전자게임장,2,2,0,0,0,0,0
20252,U,관광특구,3001493,동대문패션타운 관광특구,CS200021,기타오락장,6,6,0,0,0,0,0
20252,U,관광특구,3001493,동대문패션타운 관광특구,CS200022,복권방,2,2,0,0,0,0,0
20252,U,관광특구,3001493,동대문패션타운 관광특구,CS200023,통신기기수리,2,2,0,0,0,0,0
20252,U,관광특구,3001493,동대문패션타운 관광특구,CS200024,스포츠클럽,2,2,0,0,0,0,0
20252,U,관광특구,3001493,동대문패션타운 관광특구,CS200025,자동차수리,1,1,0,0,0,0,0
20252,U,관광특구,3001493,동대문패션타운 관광특구,CS200026,자동차미용,2,2,0,0,0,0,0
20252,U,관광특구,3001493,동대문패션타운 관광특구,CS200027,모터사이클수리,1,1,0,0,0,0,0
20252,U,관광특구,3001493,동대문패션타운 관광특구,CS200028,미용실,22,27,0,0,4,1,5
20252,U,관광특구,3001493,동대문패션타운 관광특구,CS200029,네일숍,14,15,0,0,0,0,1
20252,U,관광특구,3001493,동대문패션타운 관광특구,CS200030,피부관리실,29,31,3,1,0,0,2
20252,U,관광특구,3001493,동대문패션타운 관광특구,CS200031,세탁소,5,5,20,1,0,0,0
20252,U,관광특구,3001493,동대문패션타운 관광특구,CS200032,가전제품수리,1,1,0,0,0,0,0
20252,U,관광특구,3001493,동대문패션타운 관광특구,CS200033,부동산중개업,109,109,1,1,1,1,0
20252,U,관광특구,3001493,동대문패션타운 관광특구,CS200034,여관,17,19,0,0,5,1,2
20252,U,관광특구,3001493,동대문패션타운 관광특구,CS200035,게스트하우스,11,11,0,0,0,0,0
20252,U,관광특구,3001493,동대문패션타운 관광특구,CS200037,노래방,4,4,0,0,0,0,0
20252,U,관광특구,3001493,동대문패션타운 관광특구,CS200038,독서실,2,2,0,0,0,0,0
20252,U,관광특구,3001493,동대문패션타운 관광특구,CS200039,DVD방,1,1,0,0,0,0,0
20252,U,관광특구,3001493,동대문패션타운 관광특구,CS200040,녹음실,1,1,0,0,0,0,0
20252,U,관광특구,3001493,동대문패션타운 관광특구,CS200041,사진관,9,11,9,1,9,1,2
20252,U,관광특구,3001493,동대문패션타운 관광특구,CS200042,통번역서비스,2,2,0,0,0,0,0
20252,U,관광특구,3001493,동대문패션타운 관광특구,CS200043,건축물청소,6,6,0,0,0,0,0
20252,U,관광특구,3001493,동대문패션타운 관광특구,CS200044,여행사,38,38,0,0,5,2,0
20252,U,관광특구,3001493,동대문패션타운 관광특구,CS200045,비디오/서적임대,1,1,0,0,0,0,0
20252,U,관광특구,3001493,동대문패션타운 관광특구,CS200047,가정용품임대,2,2,0,0,0,0,0
20252,U,관광특구,3001493,동대문패션타운 관광특구,CS300001,슈퍼마켓,74,84,6,5,2,2,10
20252,U,관광특구,3001493,동대문패션타운 관광특구,CS300002,편의점,6,35,0,0,0,0,29
20252,U,관광특구,3001493,동대문패션타운 관광특구,CS300003,컴퓨터및주변장치판매,4,4,0,0,0,0,0
20252,U,관광특구,3001493,동대문패션타운 관광특구,CS300004,핸드폰,62,62,2,1,2,1,0
20252,U,관광특구,3001493,동대문패션타운 관광특구,CS300005,주류도매,1,1,0,0,0,0,0
20252,U,관광특구,3001493,동대문패션타운 관광특구,CS300006,미곡판매,18,18,6,1,0,0,0
20252,U,관광특구,3001493,동대문패션타운 관광특구,CS300007,육류판매,3,3,0,0,0,0,0
20252,U,관광특구,3001493,동대문패션타운 관광특구,CS300009,청과상,8,8,0,0,0,0,0
20252,U,관광특구,3001493,동대문패션타운 관광특구,CS300010,반찬가게,11,12,8,1,0,0,1
20252,U,관광특구,3001493,동대문패션타운 관광특구,CS300011,일반의류,11199,11210,0,18,2,246,11
20252,U,관광특구,3001493,동대문패션타운 관광특구,CS300012,한복점,8,8,0,0,0,0,0
20252,U,관광특구,3001493,동대문패션타운 관광특구,CS300013,유아의류,63,69,0,0,1,1,6
20252,U,관광특구,3001493,동대문패션타운 관광특구,CS300014,신발,257,258,0,0,1,3,1
20252,U,관광특구,3001493,동대문패션타운 관광특구,CS300015,가방,92,92,1,1,3,3,0
20252,U,관광특구,3001493,동대문패션타운 관광특구,CS300016,안경,18,24,0,0,0,0,6
20252,U,관광특구,3001493,동대문패션타운 관광특구,CS300017,시계및귀금속,27,27,0,0,0,0,0
20252,U,관광특구,3001493,동대문패션타운 관광특구,CS300018,의약품,21,21,5,1,5,1,0
20252,U,관광특구,3001493,동대문패션타운 관광특구,CS300019,의료기기,1,1,0,0,0,0,0
20252,U,관광특구,3001493,동대문패션타운 관광특구,CS300020,서적,21,21,5,1,10,2,0
20252,U,관광특구,3001493,동대문패션타운 관광특구,CS300021,문구,14,15,0,0,0,0,1
20252,U,관광특구,3001493,동대문패션타운 관광특구,CS300022,화장품,123,142,2,3,1,1,19
20252,U,관광특구,3001493,동대문패션타운 관광특구,CS300023,미용재료,3,3,0,0,0,0,0
20252,U,관광특구,3001493,동대문패션타운 관광특구,CS300024,운동/경기용품,59,59,2,1,0,0,0
20252,U,관광특구,3001493,동대문패션타운 관광특구,CS300025,자전거 및 기타운송장비,2,2,0,0,0,0,0
20252,U,관광특구,3001493,동대문패션타운 관광특구,CS300026,완구,10,10,0,0,0,0,0
20252,U,관광특구,3001493,동대문패션타운 관광특구,CS300027,섬유제품,28,28,0,0,0,0,0
20252,U,관광특구,3001493,동대문패션타운 관광특구,CS300028,화초,3,3,0,0,0,0,0
20252,U,관광특구,3001493,동대문패션타운 관광특구,CS300029,애완동물,6,7,14,1,0,0,1
20252,U,관광특구,3001493,동대문패션타운 관광특구,CS300030,중고가구,7,7,0,0,0,0,0
20252,U,관광특구,3001493,동대문패션타운 관광특구,CS300031,가구,29,29,0,0,0,0,0
20252,U,관광특구,3001493,동대문패션타운 관광특구,CS300032,가전제품,7,7,0,0,14,1,0
20252,U,관광특구,3001493,동대문패션타운 관광특구,CS300033,철물점,3,3,0,0,0,0,0
20252,U,관광특구,3001493,동대문패션타운 관광특구,CS300035,인테리어,23,23,0,0,0,0,0
20252,U,관광특구,3001493,동대문패션타운 관광특구,CS300036,조명용품,6,6,0,0,0,0,0
20252,U,관광특구,3001493,동대문패션타운 관광특구,CS300038,자동차부품,6,6,0,0,0,0,0
20252,U,관광특구,3001493,동대문패션타운 관광특구,CS300039,모터사이클및부품,3,3,0,0,0,0,0
20252,U,관광특구,3001493,동대문패션타운 관광특구,CS300040,재생용품 판매점,2,2,0,0,0,0,0
20252,U,관광특구,3001493,동대문패션타운 관광특구,CS300041,예술품,5,5,0,0,20,1,0
20252,U,관광특구,3001493,동대문패션타운 관광특구,CS300043,전자상거래업,63,63,0,0,2,1,0
20253,U,관광특구,3001493,동대문패션타운 관광특구,CS100001,한식음식점,126,156,6,9,4,6,30
20253,U,관광특구,3001493,동대문패션타운 관광특구,CS100002,중식음식점,24,27,0,0,4,1,3
20253,U,관광특구,3001493,동대문패션타운 관광특구,CS100003,일식음식점,15,18,0,0,0,0,3
20253,U,관광특구,3001493,동대문패션타운 관광특구,CS100004,양식음식점,37,47,0,0,2,1,10
20253,U,관광특구,3001493,동대문패션타운 관광특구,CS100005,제과점,10,18,0,0,11,2,8
20253,U,관광특구,3001493,동대문패션타운 관광특구,CS100006,패스트푸드점,12,26,4,1,0,0,14
20253,U,관광특구,3001493,동대문패션타운 관광특구,CS100007,치킨전문점,4,13,0,0,8,1,9
20253,U,관광특구,3001493,동대문패션타운 관광특구,CS100008,분식전문점,42,57,2,1,0,0,15
20253,U,관광특구,3001493,동대문패션타운 관광특구,CS100009,호프-간이주점,17,26,0,0,4,1,9
20253,U,관광특구,3001493,동대문패션타운 관광특구,CS100010,커피-음료,74,110,4,4,6,6,36
20253,U,관광특구,3001493,동대문패션타운 관광특구,CS200001,일반교습학원,8,9,0,0,0,0,1
20253,U,관광특구,3001493,동대문패션타운 관광특구,CS200002,외국어학원,1,1,0,0,0,0,0
20253,U,관광특구,3001493,동대문패션타운 관광특구,CS200005,스포츠 강습,7,7,0,0,0,0,0
20253,U,관광특구,3001493,동대문패션타운 관광특구,CS200006,일반의원,17,17,0,0,0,0,0
20253,U,관광특구,3001493,동대문패션타운 관광특구,CS200007,치과의원,9,9,0,0,11,1,0
20253,U,관광특구,3001493,동대문패션타운 관광특구,CS200008,한의원,2,2,0,0,0,0,0
20253,U,관광특구,3001493,동대문패션타운 관광특구,CS200009,동물병원,1,1,0,0,0,0,0
20253,U,관광특구,3001493,동대문패션타운 관광특구,CS200010,변호사사무소,5,5,0,0,0,0,0
20253,U,관광특구,3001493,동대문패션타운 관광특구,CS200012,법무사사무소,1,1,0,0,0,0,0
20253,U,관광특구,3001493,동대문패션타운 관광특구,CS200013,기타법무서비스,10,10,0,0,0,0,0
20253,U,관광특구,3001493,동대문패션타운 관광특구,CS200014,회계사사무소,3,3,0,0,0,0,0
20253,U,관광특구,3001493,동대문패션타운 관광특구,CS200015,세무사사무소,36,36,0,0,3,1,0
20253,U,관광특구,3001493,동대문패션타운 관광특구,CS200016,당구장,7,7,0,0,0,0,0
20253,U,관광특구,3001493,동대문패션타운 관광특구,CS200017,골프연습장,4,4,0,0,0,0,0
20253,U,관광특구,3001493,동대문패션타운 관광특구,CS200018,볼링장,2,2,0,0,0,0,0
20253,U,관광특구,3001493,동대문패션타운 관광특구,CS200019,PC방,3,3,0,0,0,0,0
20253,U,관광특구,3001493,동대문패션타운 관광특구,CS200020,전자게임장,2,2,0,0,0,0,0
20253,U,관광특구,3001493,동대문패션타운 관광특구,CS200021,기타오락장,6,6,0,0,0,0,0
20253,U,관광특구,3001493,동대문패션타운 관광특구,CS200022,복권방,2,2,0,0,0,0,0
20253,U,관광특구,3001493,동대문패션타운 관광특구,CS200023,통신기기수리,2,2,0,0,0,0,0
20253,U,관광특구,3001493,동대문패션타운 관광특구,CS200024,스포츠클럽,2,2,0,0,0,0,0
20253,U,관광특구,3001493,동대문패션타운 관광특구,CS200025,자동차수리,1,1,0,0,0,0,0
20253,U,관광특구,3001493,동대문패션타운 관광특구,CS200026,자동차미용,2,2,0,0,0,0,0
20253,U,관광특구,3001493,동대문패션타운 관광특구,CS200027,모터사이클수리,1,1,0,0,0,0,0
20253,U,관광특구,3001493,동대문패션타운 관광특구,CS200028,미용실,23,28,4,1,0,0,5
20253,U,관광특구,3001493,동대문패션타운 관광특구,CS200029,네일숍,14,15,0,0,0,0,1
20253,U,관광특구,3001493,동대문패션타운 관광특구,CS200030,피부관리실,30,32,3,1,0,0,2
20253,U,관광특구,3001493,동대문패션타운 관광특구,CS200031,세탁소,5,5,0,0,0,0,0
20253,U,관광특구,3001493,동대문패션타운 관광특구,CS200032,가전제품수리,1,1,0,0,0,0,0
20253,U,관광특구,3001493,동대문패션타운 관광특구,CS200033,부동산중개업,108,108,0,0,1,1,0
20253,U,관광특구,3001493,동대문패션타운 관광특구,CS200034,여관,17,19,0,0,0,0,2
20253,U,관광특구,3001493,동대문패션타운 관광특구,CS200035,게스트하우스,11,11,0,0,0,0,0
20253,U,관광특구,3001493,동대문패션타운 관광특구,CS200037,노래방,4,4,0,0,0,0,0
20253,U,관광특구,3001493,동대문패션타운 관광특구,CS200038,독서실,2,2,0,0,0,0,0
20253,U,관광특구,3001493,동대문패션타운 관광특구,CS200039,DVD방,1,1,0,0,0,0,0
20253,U,관광특구,3001493,동대문패션타운 관광특구,CS200040,녹음실,1,1,0,0,0,0,0
20253,U,관광특구,3001493,동대문패션타운 관광특구,CS200041,사진관,9,11,0,0,0,0,2
20253,U,관광특구,3001493,동대문패션타운 관광특구,CS200042,통번역서비스,2,2,0,0,0,0,0
20253,U,관광특구,3001493,동대문패션타운 관광특구,CS200043,건축물청소,6,6,0,0,0,0,0
20253,U,관광특구,3001493,동대문패션타운 관광특구,CS200044,여행사,37,37,0,0,3,1,0
20253,U,관광특구,3001493,동대문패션타운 관광특구,CS200045,비디오/서적임대,1,1,0,0,0,0,0
20253,U,관광특구,3001493,동대문패션타운 관광특구,CS200047,가정용품임대,2,2,0,0,0,0,0
20253,U,관광특구,3001493,동대문패션타운 관광특구,CS300001,슈퍼마켓,76,88,8,7,3,3,12
20253,U,관광특구,3001493,동대문패션타운 관광특구,CS300002,편의점,6,35,0,0,0,0,29
20253,U,관광특구,3001493,동대문패션타운 관광특구,CS300003,컴퓨터및주변장치판매,4,4,0,0,0,0,0
20253,U,관광특구,3001493,동대문패션타운 관광특구,CS300004,핸드폰,62,62,0,0,0,0,0
20253,U,관광특구,3001493,동대문패션타운 관광특구,CS300005,주류도매,0,0,0,0,0,1,0
20253,U,관광특구,3001493,동대문패션타운 관광특구,CS300006,미곡판매,18,18,0,0,0,0,0
20253,U,관광특구,3001493,동대문패션타운 관광특구,CS300007,육류판매,3,3,0,0,0,0,0
20253,U,관광특구,3001493,동대문패션타운 관광특구,CS300009,청과상,8,8,0,0,0,0,0
20253,U,관광특구,3001493,동대문패션타운 관광특구,CS300010,반찬가게,11,12,0,0,0,0,1
20253,U,관광특구,3001493,동대문패션타운 관광특구,CS300011,일반의류,10925,10936,0,21,3,291,11
20253,U,관광특구,3001493,동대문패션타운 관광특구,CS300012,한복점,9,9,11,1,0,0,0
20253,U,관광특구,3001493,동대문패션타운 관광특구,CS300013,유아의류,62,68,2,1,3,2,6
20253,U,관광특구,3001493,동대문패션타운 관광특구,CS300014,신발,245,246,0,0,5,11,1
20253,U,관광특구,3001493,동대문패션타운 관광특구,CS300015,가방,89,89,0,0,3,3,0
20253,U,관광특구,3001493,동대문패션타운 관광특구,CS300016,안경,18,24,0,0,0,0,6
20253,U,관광특구,3001493,동대문패션타운 관광특구,CS300017,시계및귀금속,27,27,0,0,0,0,0
20253,U,관광특구,3001493,동대문패션타운 관광특구,CS300018,의약품,21,21,10,2,10,2,0
20253,U,관광특구,3001493,동대문패션타운 관광특구,CS300019,의료기기,1,1,0,0,0,0,0
20253,U,관광특구,3001493,동대문패션타운 관광특구,CS300020,서적,21,21,0,0,0,0,0
20253,U,관광특구,3001493,동대문패션타운 관광특구,CS300021,문구,14,15,0,0,0,0,1
20253,U,관광특구,3001493,동대문패션타운 관광특구,CS300022,화장품,124,143,1,2,1,1,19
20253,U,관광특구,3001493,동대문패션타운 관광특구,CS300023,미용재료,3,3,0,0,0,0,0
20253,U,관광특구,3001493,동대문패션타운 관광특구,CS300024,운동/경기용품,59,59,0,0,0,0,0
20253,U,관광특구,3001493,동대문패션타운 관광특구,CS300025,자전거 및 기타운송장비,2,2,0,0,0,0,0
20253,U,관광특구,3001493,동대문패션타운 관광특구,CS300026,완구,10,10,0,0,0,0,0
20253,U,관광특구,3001493,동대문패션타운 관광특구,CS300027,섬유제품,26,26,0,0,8,2,0
20253,U,관광특구,3001493,동대문패션타운 관광특구,CS300028,화초,3,3,0,0,0,0,0
20253,U,관광특구,3001493,동대문패션타운 관광특구,CS300029,애완동물,7,8,13,1,0,0,1
20253,U,관광특구,3001493,동대문패션타운 관광특구,CS300030,중고가구,7,7,0,0,0,0,0
20253,U,관광특구,3001493,동대문패션타운 관광특구,CS300031,가구,29,29,0,0,0,0,0
20253,U,관광특구,3001493,동대문패션타운 관광특구,CS300032,가전제품,7,7,14,1,14,1,0
20253,U,관광특구,3001493,동대문패션타운 관광특구,CS300033,철물점,3,3,0,0,0,0,0
20253,U,관광특구,3001493,동대문패션타운 관광특구,CS300035,인테리어,23,23,0,0,0,0,0
20253,U,관광특구,3001493,동대문패션타운 관광특구,CS300036,조명용품,6,6,0,0,0,0,0
20253,U,관광특구,3001493,동대문패션타운 관광특구,CS300038,자동차부품,6,6,0,0,0,0,0
20253,U,관광특구,3001493,동대문패션타운 관광특구,CS300039,모터사이클및부품,2,2,0,0,50,1,0
20253,U,관광특구,3001493,동대문패션타운 관광특구,CS300040,재생용품 판매점,2,2,0,0,0,0,0
20253,U,관광특구,3001493,동대문패션타운 관광특구,CS300041,예술품,5,5,0,0,0,0,0
20253,U,관광특구,3001493,동대문패션타운 관광특구,CS300043,전자상거래업,61,61,0,0,3,2,0
20254,U,관광특구,3001493,동대문패션타운 관광특구,CS100001,한식음식점,129,158,5,8,4,6,29
20254,U,관광특구,3001493,동대문패션타운 관광특구,CS100002,중식음식점,22,25,0,0,8,2,3
20254,U,관광특구,3001493,동대문패션타운 관광특구,CS100003,일식음식점,15,18,0,0,0,0,3
20254,U,관광특구,3001493,동대문패션타운 관광특구,CS100004,양식음식점,36,46,2,1,4,2,10
20254,U,관광특구,3001493,동대문패션타운 관광특구,CS100005,제과점,10,18,0,0,0,0,8
20254,U,관광특구,3001493,동대문패션타운 관광특구,CS100006,패스트푸드점,11,25,0,0,4,1,14
20254,U,관광특구,3001493,동대문패션타운 관광특구,CS100007,치킨전문점,3,12,0,0,8,1,9
20254,U,관광특구,3001493,동대문패션타운 관광특구,CS100008,분식전문점,40,54,2,1,7,4,14
20254,U,관광특구,3001493,동대문패션타운 관광특구,CS100009,호프-간이주점,18,28,7,2,0,0,10
20254,U,관광특구,3001493,동대문패션타운 관광특구,CS100010,커피-음료,77,110,4,4,4,4,33
20254,U,관광특구,3001493,동대문패션타운 관광특구,CS200001,일반교습학원,7,8,0,0,0,0,1
20254,U,관광특구,3001493,동대문패션타운 관광특구,CS200002,외국어학원,1,1,0,0,0,0,0
20254,U,관광특구,3001493,동대문패션타운 관광특구,CS200005,스포츠 강습,7,7,0,0,0,0,0
20254,U,관광특구,3001493,동대문패션타운 관광특구,CS200006,일반의원,17,17,0,0,0,0,0
20254,U,관광특구,3001493,동대문패션타운 관광특구,CS200007,치과의원,9,9,0,0,0,0,0
20254,U,관광특구,3001493,동대문패션타운 관광특구,CS200008,한의원,2,2,0,0,0,0,0
20254,U,관광특구,3001493,동대문패션타운 관광특구,CS200009,동물병원,1,1,0,0,0,0,0
20254,U,관광특구,3001493,동대문패션타운 관광특구,CS200010,변호사사무소,5,5,0,0,0,0,0
20254,U,관광특구,3001493,동대문패션타운 관광특구,CS200012,법무사사무소,1,1,0,0,0,0,0
20254,U,관광특구,3001493,동대문패션타운 관광특구,CS200013,기타법무서비스,10,10,0,0,0,0,0
20254,U,관광특구,3001493,동대문패션타운 관광특구,CS200014,회계사사무소,3,3,0,0,0,0,0
20254,U,관광특구,3001493,동대문패션타운 관광특구,CS200015,세무사사무소,36,36,0,0,0,0,0
20254,U,관광특구,3001493,동대문패션타운 관광특구,CS200016,당구장,7,7,0,0,0,0,0
20254,U,관광특구,3001493,동대문패션타운 관광특구,CS200017,골프연습장,4,4,0,0,0,0,0
20254,U,관광특구,3001493,동대문패션타운 관광특구,CS200018,볼링장,1,1,0,0,100,1,0
20254,U,관광특구,3001493,동대문패션타운 관광특구,CS200019,PC방,3,3,0,0,0,0,0
20254,U,관광특구,3001493,동대문패션타운 관광특구,CS200020,전자게임장,2,2,0,0,0,0,0
20254,U,관광특구,3001493,동대문패션타운 관광특구,CS200021,기타오락장,6,6,0,0,0,0,0
20254,U,관광특구,3001493,동대문패션타운 관광특구,CS200022,복권방,2,2,0,0,0,0,0
20254,U,관광특구,3001493,동대문패션타운 관광특구,CS200023,통신기기수리,2,2,0,0,0,0,0
20254,U,관광특구,3001493,동대문패션타운 관광특구,CS200024,스포츠클럽,3,3,33,1,0,0,0
20254,U,관광특구,3001493,동대문패션타운 관광특구,CS200025,자동차수리,1,1,0,0,0,0,0
20254,U,관광특구,3001493,동대문패션타운 관광특구,CS200026,자동차미용,2,2,0,0,0,0,0
20254,U,관광특구,3001493,동대문패션타운 관광특구,CS200027,모터사이클수리,1,1,0,0,0,0,0
20254,U,관광특구,3001493,동대문패션타운 관광특구,CS200028,미용실,23,28,0,0,0,0,5
20254,U,관광특구,3001493,동대문패션타운 관광특구,CS200029,네일숍,13,13,0,0,15,2,0
20254,U,관광특구,3001493,동대문패션타운 관광특구,CS200030,피부관리실,29,31,0,0,3,1,2
20254,U,관광특구,3001493,동대문패션타운 관광특구,CS200031,세탁소,5,5,0,0,0,0,0
20254,U,관광특구,3001493,동대문패션타운 관광특구,CS200032,가전제품수리,1,1,0,0,0,0,0
20254,U,관광특구,3001493,동대문패션타운 관광특구,CS200033,부동산중개업,107,107,0,0,1,1,0
20254,U,관광특구,3001493,동대문패션타운 관광특구,CS200034,여관,17,19,5,1,5,1,2
20254,U,관광특구,3001493,동대문패션타운 관광특구,CS200035,게스트하우스,11,11,0,0,0,0,0
20254,U,관광특구,3001493,동대문패션타운 관광특구,CS200037,노래방,4,4,0,0,0,0,0
20254,U,관광특구,3001493,동대문패션타운 관광특구,CS200038,독서실,2,2,0,0,0,0,0
20254,U,관광특구,3001493,동대문패션타운 관광특구,CS200039,DVD방,1,1,0,0,0,0,0
20254,U,관광특구,3001493,동대문패션타운 관광특구,CS200040,녹음실,1,1,0,0,0,0,0
20254,U,관광특구,3001493,동대문패션타운 관광특구,CS200041,사진관,9,11,0,0,0,0,2
20254,U,관광특구,3001493,동대문패션타운 관광특구,CS200042,통번역서비스,2,2,0,0,0,0,0
20254,U,관광특구,3001493,동대문패션타운 관광특구,CS200043,건축물청소,6,6,0,0,0,0,0
20254,U,관광특구,3001493,동대문패션타운 관광특구,CS200044,여행사,38,38,3,1,0,0,0
20254,U,관광특구,3001493,동대문패션타운 관광특구,CS200045,비디오/서적임대,1,1,0,0,0,0,0
20254,U,관광특구,3001493,동대문패션타운 관광특구,CS200047,가정용품임대,2,2,0,0,0,0,0
20254,U,관광특구,3001493,동대문패션타운 관광특구,CS300001,슈퍼마켓,80,90,6,5,3,3,10
20254,U,관광특구,3001493,동대문패션타운 관광특구,CS300002,편의점,6,35,0,0,0,0,29
20254,U,관광특구,3001493,동대문패션타운 관광특구,CS300003,컴퓨터및주변장치판매,5,5,20,1,0,0,0
20254,U,관광특구,3001493,동대문패션타운 관광특구,CS300004,핸드폰,61,61,0,0,0,0,0
20254,U,관광특구,3001493,동대문패션타운 관광특구,CS300006,미곡판매,17,17,0,0,0,0,0
20254,U,관광특구,3001493,동대문패션타운 관광특구,CS300007,육류판매,3,3,0,0,0,0,0
20254,U,관광특구,3001493,동대문패션타운 관광특구,CS300009,청과상,8,8,0,0,0,0,0
20254,U,관광특구,3001493,동대문패션타운 관광특구,CS300010,반찬가게,12,13,8,1,0,0,1
20254,U,관광특구,3001493,동대문패션타운 관광특구,CS300011,일반의류,10747,10758,0,27,2,202,11
20254,U,관광특구,3001493,동대문패션타운 관광특구,CS300012,한복점,9,9,0,0,0,0,0
20254,U,관광특구,3001493,동대문패션타운 관광특구,CS300013,유아의류,59,65,0,0,3,2,6
20254,U,관광특구,3001493,동대문패션타운 관광특구,CS300014,신발,239,240,0,0,2,5,1
20254,U,관광특구,3001493,동대문패션타운 관광특구,CS300015,가방,90,90,2,2,1,1,0
20254,U,관광특구,3001493,동대문패션타운 관광특구,CS300016,안경,18,23,0,0,4,1,5
20254,U,관광특구,3001493,동대문패션타운 관광특구,CS300017,시계및귀금속,28,28,4,1,0,0,0
20254,U,관광특구,3001493,동대문패션타운 관광특구,CS300018,의약품,20,20,0,0,5,1,0
20254,U,관광특구,3001493,동대문패션타운 관광특구,CS300019,의료기기,1,1,0,0,0,0,0
20254,U,관광특구,3001493,동대문패션타운 관광특구,CS300020,서적,21,21,0,0,0,0,0
20254,U,관광특구,3001493,동대문패션타운 관광특구,CS300021,문구,14,15,0,0,0,0,1
20254,U,관광특구,3001493,동대문패션타운 관광특구,CS300022,화장품,124,143,1,1,1,1,19
20254,U,관광특구,3001493,동대문패션타운 관광특구,CS300023,미용재료,3,3,0,0,0,0,0
20254,U,관광특구,3001493,동대문패션타운 관광특구,CS300024,운동/경기용품,59,59,0,0,0,0,0
20254,U,관광특구,3001493,동대문패션타운 관광특구,CS300025,자전거 및 기타운송장비,2,2,0,0,0,0,0
20254,U,관광특구,3001493,동대문패션타운 관광특구,CS300026,완구,10,10,0,0,0,0,0
20254,U,관광특구,3001493,동대문패션타운 관광특구,CS300027,섬유제품,26,26,0,0,0,0,0
20254,U,관광특구,3001493,동대문패션타운 관광특구,CS300028,화초,3,3,0,0,0,0,0
20254,U,관광특구,3001493,동대문패션타운 관광특구,CS300029,애완동물,6,7,0,0,14,1,1
20254,U,관광특구,3001493,동대문패션타운 관광특구,CS300030,중고가구,7,7,0,0,0,0,0
20254,U,관광특구,3001493,동대문패션타운 관광특구,CS300031,가구,30,30,3,1,0,0,0
20254,U,관광특구,3001493,동대문패션타운 관광특구,CS300032,가전제품,7,7,0,0,0,0,0
20254,U,관광특구,3001493,동대문패션타운 관광특구,CS300033,철물점,3,3,0,0,0,0,0
20254,U,관광특구,3001493,동대문패션타운 관광특구,CS300035,인테리어,23,23,0,0,0,0,0
20254,U,관광특구,3001493,동대문패션타운 관광특구,CS300036,조명용품,6,6,0,0,0,0,0
20254,U,관광특구,3001493,동대문패션타운 관광특구,CS300038,자동차부품,6,6,0,0,0,0,0
20254,U,관광특구,3001493,동대문패션타운 관광특구,CS300039,모터사이클및부품,3,3,33,1,0,0,0
20254,U,관광특구,3001493,동대문패션타운 관광특구,CS300040,재생용품 판매점,2,2,0,0,0,0,0
20254,U,관광특구,3001493,동대문패션타운 관광특구,CS300041,예술품,5,5,0,0,0,0,0
20254,U,관광특구,3001493,동대문패션타운 관광특구,CS300043,전자상거래업,61,61,0,0,0,0,0
